Date,Close
1/4/2010 16:56:00,7.94
1/5/2010 16:56:00,7.88
1/6/2010 16:56:00,7.86
1/7/2010 16:56:00,8.05
1/8/2010 16:56:00,7.95
1/11/2010 16:56:00,7.84
1/12/2010 16:56:00,7.6
1/13/2010 16:56:00,7.51
1/14/2010 16:56:00,7.61
1/15/2010 16:56:00,7.62
1/18/2010 16:56:00,7.7
1/19/2010 16:56:00,7.58
1/20/2010 16:56:00,7.36
1/21/2010 16:56:00,7.41
1/22/2010 16:56:00,7.74
1/26/2010 16:56:00,7.69
1/27/2010 16:56:00,7.59
1/28/2010 16:56:00,7.61
1/29/2010 16:56:00,7.54
2/1/2010 16:56:00,7.5
2/2/2010 16:56:00,7.6
2/3/2010 16:56:00,7.84
2/4/2010 16:56:00,7.54
2/5/2010 16:56:00,7.25
2/8/2010 16:56:00,7.03
2/9/2010 16:56:00,7.15
2/10/2010 16:56:00,7.08
2/11/2010 16:56:00,7.15
2/12/2010 16:56:00,7.06
2/17/2010 16:56:00,6.98
2/18/2010 16:56:00,7.23
2/19/2010 16:56:00,7.17
2/22/2010 16:56:00,7.18
2/23/2010 16:56:00,7.18
2/24/2010 16:56:00,7.18
2/25/2010 16:56:00,7.03
2/26/2010 16:56:00,7.11
3/1/2010 16:56:00,7.33
3/2/2010 16:56:00,7.38
3/3/2010 16:56:00,7.28
3/4/2010 16:56:00,7.38
3/5/2010 16:56:00,7.48
3/8/2010 16:56:00,7.47
3/9/2010 16:56:00,7.47
3/10/2010 16:56:00,7.51
3/11/2010 16:56:00,7.57
3/12/2010 16:56:00,7.48
3/15/2010 16:56:00,7.13
3/17/2010 16:56:00,7.42
3/18/2010 16:56:00,7.98
3/19/2010 16:56:00,8.39
3/22/2010 16:56:00,8.53
3/23/2010 16:56:00,8.49
3/24/2010 16:56:00,8.51
3/25/2010 16:56:00,8.33
3/26/2010 16:56:00,8.29
3/29/2010 16:56:00,8.16
3/30/2010 16:56:00,8.31
3/31/2010 16:56:00,8.41
4/1/2010 16:56:00,8.51
4/5/2010 16:56:00,8.39
4/6/2010 16:56:00,8.14
4/7/2010 16:56:00,7.86
4/9/2010 16:56:00,7.91
4/12/2010 16:56:00,7.86
4/13/2010 16:56:00,8.11
4/14/2010 16:56:00,8.11
4/15/2010 16:56:00,8.08
4/16/2010 16:56:00,8.11
4/19/2010 16:56:00,8.15
4/20/2010 16:56:00,8.22
4/22/2010 16:56:00,8.62
4/23/2010 16:56:00,8.44
4/26/2010 16:56:00,8.37
4/27/2010 16:56:00,8.39
4/28/2010 16:56:00,8.41
4/29/2010 16:56:00,8.49
4/30/2010 16:56:00,8.48
5/4/2010 16:56:00,8.31
5/5/2010 16:56:00,8.41
5/6/2010 16:56:00,8.25
5/7/2010 16:56:00,8.34
5/10/2010 16:56:00,8.47
5/11/2010 16:56:00,8.63
5/12/2010 16:56:00,8.87
5/13/2010 16:56:00,8.94
5/14/2010 16:56:00,8.7
5/17/2010 16:56:00,9.04
5/18/2010 16:56:00,7.79
5/19/2010 16:56:00,7.66
5/20/2010 16:56:00,7.49
5/21/2010 16:56:00,7.74
5/24/2010 16:56:00,7.69
5/25/2010 16:56:00,7.5
5/26/2010 16:56:00,7.48
5/27/2010 16:56:00,7.76
5/28/2010 16:56:00,7.72
5/31/2010 16:56:00,7.74
6/1/2010 16:56:00,7.92
6/2/2010 16:56:00,7.94
6/4/2010 16:56:00,7.76
6/7/2010 16:56:00,7.99
6/8/2010 16:56:00,7.97
6/9/2010 16:56:00,7.88
6/10/2010 16:56:00,8.22
6/11/2010 16:56:00,8.21
6/14/2010 16:56:00,8.44
6/15/2010 16:56:00,8.49
6/16/2010 16:56:00,8.49
6/21/2010 16:56:00,8.26
6/22/2010 16:56:00,8.18
6/23/2010 16:56:00,8.14
6/24/2010 16:56:00,8.01
6/28/2010 16:56:00,8.07
6/29/2010 16:56:00,7.97
6/30/2010 16:56:00,7.64
7/1/2010 16:56:00,7.54
7/2/2010 16:56:00,7.48
7/5/2010 16:56:00,7.25
7/6/2010 16:56:00,7.71
7/8/2010 16:56:00,8.03
7/12/2010 16:56:00,7.99
7/13/2010 16:56:00,8.29
7/14/2010 16:56:00,8.2
7/15/2010 16:56:00,8.29
7/16/2010 16:56:00,8.1
7/19/2010 16:56:00,8.07
7/20/2010 16:56:00,7.87
7/21/2010 16:56:00,7.78
7/22/2010 16:56:00,7.86
7/23/2010 16:56:00,7.79
7/26/2010 16:56:00,7.74
7/27/2010 16:56:00,7.69
7/28/2010 16:56:00,7.71
7/29/2010 16:56:00,7.74
7/30/2010 16:56:00,7.94
8/2/2010 16:56:00,7.91
8/3/2010 16:56:00,8.05
8/4/2010 16:56:00,8.03
8/5/2010 16:56:00,7.94
8/6/2010 16:56:00,7.88
8/9/2010 16:56:00,7.94
8/10/2010 16:56:00,7.99
8/11/2010 16:56:00,7.95
8/12/2010 16:56:00,7.86
8/13/2010 16:56:00,7.86
8/16/2010 16:56:00,7.94
8/17/2010 16:56:00,7.91
8/18/2010 16:56:00,7.81
8/19/2010 16:56:00,7.74
8/20/2010 16:56:00,7.79
8/23/2010 16:56:00,7.78
8/24/2010 16:56:00,7.74
8/25/2010 16:56:00,7.59
8/26/2010 16:56:00,7.36
8/27/2010 16:56:00,7.71
8/31/2010 16:56:00,7.54
9/2/2010 16:56:00,7.63
9/3/2010 16:56:00,7.47
9/6/2010 16:56:00,7.6
9/8/2010 16:56:00,7.6
9/10/2010 16:56:00,7.74
9/13/2010 16:56:00,7.73
9/14/2010 16:56:00,7.78
9/15/2010 16:56:00,7.52
9/16/2010 16:56:00,7.36
9/17/2010 16:56:00,7.37
9/21/2010 16:56:00,7.64
9/23/2010 16:56:00,7.47
9/24/2010 16:56:00,7.3
9/27/2010 16:56:00,7.35
9/28/2010 16:56:00,7.54
9/29/2010 16:56:00,7.41
9/30/2010 16:56:00,7.4
10/1/2010 16:56:00,7.43
10/4/2010 16:56:00,7.44
10/5/2010 16:56:00,7.64
10/6/2010 16:56:00,7.38
10/7/2010 16:56:00,7.41
10/8/2010 16:56:00,7.62
10/11/2010 16:56:00,7.59
10/13/2010 16:56:00,7.65
10/14/2010 16:56:00,7.6
10/15/2010 16:56:00,7.51
10/18/2010 16:56:00,7.38
10/19/2010 16:56:00,7.23
10/20/2010 16:56:00,7.36
10/21/2010 16:56:00,7.28
10/22/2010 16:56:00,7.1
10/25/2010 16:56:00,7.16
10/26/2010 16:56:00,7.25
10/27/2010 16:56:00,7.46
10/28/2010 16:56:00,7.33
10/29/2010 16:56:00,7.35
11/1/2010 16:56:00,7.43
11/4/2010 16:56:00,7.27
11/5/2010 16:56:00,7.15
11/9/2010 16:56:00,7.29
11/10/2010 16:56:00,7.43
11/11/2010 16:56:00,7.36
11/12/2010 16:56:00,7.4
11/16/2010 16:56:00,7.43
11/17/2010 16:56:00,7.48
11/18/2010 16:56:00,7.54
11/19/2010 16:56:00,7.47
11/22/2010 16:56:00,7.28
11/23/2010 16:56:00,7.26
11/24/2010 16:56:00,7.38
11/25/2010 16:56:00,7.38
11/26/2010 16:56:00,7.21
11/29/2010 16:56:00,7.44
11/30/2010 16:56:00,7.48
12/1/2010 16:56:00,7.54
12/2/2010 16:56:00,7.57
12/3/2010 16:56:00,7.73
12/6/2010 16:56:00,7.6
12/7/2010 16:56:00,7.54
12/8/2010 16:56:00,7.45
12/9/2010 16:56:00,7.08
12/10/2010 16:56:00,7.04
12/13/2010 16:56:00,7.06
12/14/2010 16:56:00,7.06
12/15/2010 16:56:00,6.98
12/16/2010 16:56:00,6.83
12/17/2010 16:56:00,6.81
12/20/2010 16:56:00,6.65
12/21/2010 16:56:00,6.74
12/22/2010 16:56:00,6.72
12/23/2010 16:56:00,6.7
12/27/2010 16:56:00,6.6
12/28/2010 16:56:00,6.63
12/29/2010 16:56:00,6.73
12/30/2010 16:56:00,6.76
1/3/2011 16:56:00,6.83
1/4/2011 16:56:00,6.67
1/5/2011 16:56:00,6.63
1/6/2011 16:56:00,6.58
1/7/2011 16:56:00,6.53
1/10/2011 16:56:00,6.61
1/11/2011 16:56:00,6.52
1/12/2011 16:56:00,6.51
1/13/2011 16:56:00,6.41
1/14/2011 16:56:00,6.5
1/17/2011 16:56:00,6.45
1/18/2011 16:56:00,6.52
1/19/2011 16:56:00,6.5
1/20/2011 16:56:00,6.43
1/21/2011 16:56:00,6.26
1/24/2011 16:56:00,6.38
1/26/2011 16:56:00,6.51
1/27/2011 16:56:00,6.48
1/28/2011 16:56:00,6.28
1/31/2011 16:56:00,6.21
2/2/2011 16:56:00,5.86
2/4/2011 16:56:00,5.86
2/7/2011 16:56:00,5.99
2/9/2011 16:56:00,5.55
2/10/2011 16:56:00,5.75
2/11/2011 16:56:00,5.81
2/14/2011 16:56:00,5.84
2/15/2011 16:56:00,5.85
2/16/2011 16:56:00,6.03
2/17/2011 16:56:00,6.46
2/18/2011 16:56:00,6.66
2/21/2011 16:56:00,6.61
2/22/2011 16:56:00,6.68
2/23/2011 16:56:00,6.76
2/25/2011 16:56:00,6.7
2/28/2011 16:56:00,6.6
3/1/2011 16:56:00,6.34
3/2/2011 16:56:00,6.58
3/3/2011 16:56:00,6.7
3/4/2011 16:56:00,6.72
3/10/2011 16:56:00,6.99
3/11/2011 16:56:00,7.07
3/14/2011 16:56:00,7.26
3/15/2011 16:56:00,6.98
3/16/2011 16:56:00,6.66
3/17/2011 16:56:00,6.73
3/18/2011 16:56:00,6.76
3/22/2011 16:56:00,6.74
3/23/2011 16:56:00,6.84
3/25/2011 16:56:00,6.96
3/28/2011 16:56:00,6.86
3/30/2011 16:56:00,6.75
3/31/2011 16:56:00,6.92
4/1/2011 16:56:00,6.95
4/5/2011 16:56:00,7.26
4/6/2011 16:56:00,7.19
4/7/2011 16:56:00,7.03
4/8/2011 16:56:00,6.94
4/11/2011 16:56:00,6.85
4/12/2011 16:56:00,6.85
4/13/2011 16:56:00,6.88
4/14/2011 16:56:00,6.81
4/15/2011 16:56:00,6.83
4/18/2011 16:56:00,6.93
4/19/2011 16:56:00,6.94
4/20/2011 16:56:00,6.86
4/25/2011 16:56:00,6.83
4/26/2011 16:56:00,6.97
4/27/2011 16:56:00,7.01
4/28/2011 16:56:00,7.38
4/29/2011 16:56:00,7.31
5/2/2011 16:56:00,7.47
5/3/2011 16:56:00,7.28
5/4/2011 16:56:00,7.28
5/5/2011 16:56:00,8.09
5/6/2011 16:56:00,8.31
5/10/2011 16:56:00,8.19
5/11/2011 16:56:00,7.93
5/12/2011 16:56:00,7.86
5/13/2011 16:56:00,7.76
5/17/2011 16:56:00,7.84
5/18/2011 16:56:00,7.69
5/19/2011 16:56:00,7.66
5/20/2011 16:56:00,7.54
5/23/2011 16:56:00,7.55
5/24/2011 16:56:00,7.87
5/25/2011 16:56:00,8.02
5/26/2011 16:56:00,7.9
5/27/2011 16:56:00,7.9
5/30/2011 16:56:00,7.84
5/31/2011 16:56:00,7.9
6/1/2011 16:56:00,7.94
6/2/2011 16:56:00,8.03
6/3/2011 16:56:00,8.04
6/6/2011 16:56:00,7.99
6/8/2011 16:56:00,7.85
6/9/2011 16:56:00,8.01
6/10/2011 16:56:00,8.01
6/13/2011 16:56:00,7.94
6/14/2011 16:56:00,7.97
6/15/2011 16:56:00,7.95
6/16/2011 16:56:00,7.8
6/17/2011 16:56:00,7.65
6/20/2011 16:56:00,7.66
6/21/2011 16:56:00,7.67
6/22/2011 16:56:00,7.64
6/24/2011 16:56:00,7.7
6/27/2011 16:56:00,7.63
6/28/2011 16:56:00,7.63
6/29/2011 16:56:00,7.7
6/30/2011 16:56:00,7.84
7/1/2011 16:56:00,7.89
7/4/2011 16:56:00,7.9
7/5/2011 16:56:00,7.84
7/6/2011 16:56:00,7.83
7/7/2011 16:56:00,7.83
7/8/2011 16:56:00,7.96
7/11/2011 16:56:00,7.91
7/12/2011 16:56:00,7.91
7/13/2011 16:56:00,8.12
7/14/2011 16:56:00,8.11
7/15/2011 16:56:00,8.05
7/19/2011 16:56:00,8.15
7/20/2011 16:56:00,8.2
7/21/2011 16:56:00,8.29
7/22/2011 16:56:00,8.18
7/26/2011 16:56:00,8.52
7/27/2011 16:56:00,8.27
7/28/2011 16:56:00,8.5
8/1/2011 16:56:00,8.71
8/2/2011 16:56:00,8.74
8/3/2011 16:56:00,8.8
8/4/2011 16:56:00,8.6
8/5/2011 16:56:00,8.63
8/8/2011 16:56:00,8.24
8/9/2011 16:56:00,8.24
8/10/2011 16:56:00,8.14
8/11/2011 16:56:00,8.12
8/15/2011 16:56:00,8.01
8/16/2011 16:56:00,7.87
8/18/2011 16:56:00,7.8
8/19/2011 16:56:00,7.85
8/22/2011 16:56:00,7.85
8/23/2011 16:56:00,7.83
8/24/2011 16:56:00,7.82
8/25/2011 16:56:00,7.89
8/26/2011 16:56:00,8.06
8/29/2011 16:56:00,8.15
8/30/2011 16:56:00,8.14
8/31/2011 16:56:00,8.22
9/1/2011 16:56:00,8.44
9/2/2011 16:56:00,8.45
9/5/2011 16:56:00,8.46
9/6/2011 16:56:00,8.41
9/8/2011 16:56:00,8.62
9/9/2011 16:56:00,8.6
9/12/2011 16:56:00,8.58
9/13/2011 16:56:00,8.7
9/14/2011 16:56:00,8.78
9/15/2011 16:56:00,8.89
9/16/2011 16:56:00,8.77
9/19/2011 16:56:00,8.78
9/20/2011 16:56:00,8.84
9/21/2011 16:56:00,8.83
9/22/2011 16:56:00,8.7
9/23/2011 16:56:00,8.47
9/27/2011 16:56:00,8.51
9/28/2011 16:56:00,8.51
9/29/2011 16:56:00,8.46
9/30/2011 16:56:00,8.42
10/3/2011 16:56:00,8.38
10/5/2011 16:56:00,8.44
10/6/2011 16:56:00,8.64
10/7/2011 16:56:00,8.67
10/10/2011 16:56:00,8.94
10/11/2011 16:56:00,8.94
10/13/2011 16:56:00,8.86
10/14/2011 16:56:00,8.92
10/18/2011 16:56:00,8.94
10/19/2011 16:56:00,9.05
10/20/2011 16:56:00,9.05
10/21/2011 16:56:00,9.06
10/25/2011 16:56:00,9.15
10/26/2011 16:56:00,9.24
10/27/2011 16:56:00,9.28
10/28/2011 16:56:00,9.18
10/31/2011 16:56:00,9.2
11/1/2011 16:56:00,9.24
11/3/2011 16:56:00,9.41
11/4/2011 16:56:00,9.48
11/7/2011 16:56:00,9.44
11/8/2011 16:56:00,9.49
11/9/2011 16:56:00,9.48
11/11/2011 16:56:00,9.62
11/14/2011 16:56:00,9.74
11/16/2011 16:56:00,9.82
11/17/2011 16:56:00,9.47
11/18/2011 16:56:00,9.26
11/21/2011 16:56:00,9.17
11/22/2011 16:56:00,9.15
11/23/2011 16:56:00,9.21
11/24/2011 16:56:00,9.33
11/25/2011 16:56:00,9.35
11/28/2011 16:56:00,9.37
11/29/2011 16:56:00,9.41
11/30/2011 16:56:00,9.68
12/1/2011 16:56:00,9.76
12/2/2011 16:56:00,9.44
12/5/2011 16:56:00,9.37
12/6/2011 16:56:00,9.44
12/7/2011 16:56:00,9.44
12/9/2011 16:56:00,9.49
12/13/2011 16:56:00,9.44
12/14/2011 16:56:00,9.36
12/15/2011 16:56:00,9.4
12/16/2011 16:56:00,9.43
12/20/2011 16:56:00,9.57
12/21/2011 16:56:00,9.51
12/22/2011 16:56:00,9.65
12/23/2011 16:56:00,9.54
12/26/2011 16:56:00,9.54
12/27/2011 16:56:00,9.59
12/28/2011 16:56:00,9.61
12/29/2011 16:56:00,9.69
1/2/2012 16:56:00,9.72
1/3/2012 16:56:00,9.75
1/4/2012 16:56:00,9.79
1/5/2012 16:56:00,9.65
1/6/2012 16:56:00,9.58
1/9/2012 16:56:00,9.62
1/10/2012 16:56:00,9.68
1/11/2012 16:56:00,9.78
1/12/2012 16:56:00,9.76
1/13/2012 16:56:00,9.82
1/16/2012 16:56:00,9.92
1/18/2012 16:56:00,10.14
1/19/2012 16:56:00,10.33
1/20/2012 16:56:00,10.38
1/23/2012 16:56:00,10.34
1/24/2012 16:56:00,10.35
1/26/2012 16:56:00,10.25
1/27/2012 16:56:00,10.27
1/30/2012 16:56:00,10.41
1/31/2012 16:56:00,10.46
2/1/2012 16:56:00,10.47
2/2/2012 16:56:00,10.84
2/3/2012 16:56:00,11.05
2/6/2012 16:56:00,10.84
2/7/2012 16:56:00,11.3
2/8/2012 16:56:00,11.24
2/9/2012 16:56:00,11.25
2/10/2012 16:56:00,11.05
2/13/2012 16:56:00,11.05
2/14/2012 16:56:00,11.2
2/15/2012 16:56:00,11.33
2/16/2012 16:56:00,12.04
2/17/2012 16:56:00,11.81
2/22/2012 16:56:00,11.65
2/23/2012 16:56:00,11.79
2/24/2012 16:56:00,12.04
2/27/2012 16:56:00,11.97
2/28/2012 16:56:00,12.14
2/29/2012 16:56:00,12.34
3/2/2012 16:56:00,12.66
3/5/2012 16:56:00,12.86
3/6/2012 16:56:00,12.77
3/8/2012 16:56:00,12.41
3/9/2012 16:56:00,12.43
3/12/2012 16:56:00,12.35
3/13/2012 16:56:00,12.32
3/14/2012 16:56:00,12.3
3/15/2012 16:56:00,12.19
3/16/2012 16:56:00,11.97
3/19/2012 16:56:00,12.05
3/20/2012 16:56:00,12.05
3/22/2012 16:56:00,11.85
3/23/2012 16:56:00,11.86
3/26/2012 16:56:00,12.12
3/27/2012 16:56:00,12.24
3/28/2012 16:56:00,12.29
3/29/2012 16:56:00,12.26
4/2/2012 16:56:00,12.78
4/3/2012 16:56:00,12.68
4/4/2012 16:56:00,12.96
4/5/2012 16:56:00,13.08
4/9/2012 16:56:00,12.9
4/10/2012 16:56:00,12.94
4/11/2012 16:56:00,12.96
4/12/2012 16:56:00,13.06
4/13/2012 16:56:00,13.06
4/17/2012 16:56:00,12.43
4/18/2012 16:56:00,12.22
4/19/2012 16:56:00,12.25
4/20/2012 16:56:00,11.99
4/23/2012 16:56:00,12.44
4/24/2012 16:56:00,12.41
4/25/2012 16:56:00,12.53
4/26/2012 16:56:00,13.41
4/27/2012 16:56:00,13.43
5/2/2012 16:56:00,13.79
5/3/2012 16:56:00,13.82
5/4/2012 16:56:00,13.65
5/7/2012 16:56:00,13.66
5/8/2012 16:56:00,13.62
5/9/2012 16:56:00,14.09
5/10/2012 16:56:00,14.36
5/14/2012 16:56:00,14.23
5/15/2012 16:56:00,14.11
5/16/2012 16:56:00,13.76
5/17/2012 16:56:00,13.62
5/18/2012 16:56:00,13.25
5/21/2012 16:56:00,13.07
5/22/2012 16:56:00,12.88
5/23/2012 16:56:00,12.54
5/24/2012 16:56:00,12.31
5/25/2012 16:56:00,12.64
5/28/2012 16:56:00,13.02
5/29/2012 16:56:00,12.92
5/30/2012 16:56:00,12.83
6/1/2012 16:56:00,13.08
6/4/2012 16:56:00,13.14
6/5/2012 16:56:00,13.39
6/6/2012 16:56:00,13.71
6/8/2012 16:56:00,13.63
6/11/2012 16:56:00,13.67
6/12/2012 16:56:00,13.89
6/13/2012 16:56:00,13.6
6/14/2012 16:56:00,13.51
6/15/2012 16:56:00,13.21
6/18/2012 16:56:00,13.51
6/19/2012 16:56:00,13.94
6/20/2012 16:56:00,13.92
6/21/2012 16:56:00,13.66
6/22/2012 16:56:00,13.55
6/25/2012 16:56:00,13.78
6/26/2012 16:56:00,14.15
6/27/2012 16:56:00,14.2
6/28/2012 16:56:00,14.36
6/29/2012 16:56:00,14.25
7/2/2012 16:56:00,14.15
7/3/2012 16:56:00,14.23
7/5/2012 16:56:00,14.47
7/6/2012 16:56:00,14.52
7/10/2012 16:56:00,14.43
7/11/2012 16:56:00,14.46
7/12/2012 16:56:00,14.49
7/13/2012 16:56:00,14.61
7/16/2012 16:56:00,14.78
7/17/2012 16:56:00,14.97
7/18/2012 16:56:00,14.95
7/19/2012 16:56:00,15.11
7/20/2012 16:56:00,15.34
7/23/2012 16:56:00,14.94
7/24/2012 16:56:00,15.07
7/25/2012 16:56:00,15.1
7/26/2012 16:56:00,14.71
7/27/2012 16:56:00,14.91
7/30/2012 16:56:00,14.95
7/31/2012 16:56:00,14.4
8/1/2012 16:56:00,14.48
8/2/2012 16:56:00,14.62
8/3/2012 16:56:00,14.89
8/6/2012 16:56:00,14.81
8/7/2012 16:56:00,14.66
8/8/2012 16:56:00,15
8/10/2012 16:56:00,14.94
8/13/2012 16:56:00,14.55
8/14/2012 16:56:00,14.55
8/15/2012 16:56:00,14.54
8/16/2012 16:56:00,14.61
8/17/2012 16:56:00,14.49
8/20/2012 16:56:00,14.47
8/21/2012 16:56:00,14
8/22/2012 16:56:00,14.08
8/23/2012 16:56:00,14.17
8/24/2012 16:56:00,14.08
8/27/2012 16:56:00,14.29
8/28/2012 16:56:00,14.57
8/29/2012 16:56:00,14.72
8/30/2012 16:56:00,14.7
8/31/2012 16:56:00,14.53
9/3/2012 16:56:00,14.72
9/5/2012 16:56:00,14.83
9/6/2012 16:56:00,14.9
9/10/2012 16:56:00,14.48
9/11/2012 16:56:00,14.68
9/12/2012 16:56:00,14.6
9/13/2012 16:56:00,13.95
9/14/2012 16:56:00,14.2
9/17/2012 16:56:00,14.01
9/18/2012 16:56:00,14.22
9/19/2012 16:56:00,14.42
9/20/2012 16:56:00,14.68
9/21/2012 16:56:00,14.35
9/24/2012 16:56:00,13.85
9/25/2012 16:56:00,12.94
9/26/2012 16:56:00,12.97
9/27/2012 16:56:00,13.17
9/28/2012 16:56:00,12.2
10/1/2012 16:56:00,12.12
10/2/2012 16:56:00,12.06
10/3/2012 16:56:00,12.13
10/4/2012 16:56:00,12.75
10/5/2012 16:56:00,12.75
10/8/2012 16:56:00,12.67
10/9/2012 16:56:00,12.47
10/10/2012 16:56:00,12.39
10/11/2012 16:56:00,12.49
10/15/2012 16:56:00,12.3
10/16/2012 16:56:00,12.18
10/17/2012 16:56:00,12.37
10/18/2012 16:56:00,11.88
10/19/2012 16:56:00,11.95
10/22/2012 16:56:00,11.39
10/23/2012 16:56:00,10.81
10/24/2012 16:56:00,11.14
10/25/2012 16:56:00,11.45
10/26/2012 16:56:00,11.72
10/29/2012 16:56:00,11.94
10/30/2012 16:56:00,12.38
10/31/2012 16:56:00,12.12
11/1/2012 16:56:00,12.55
11/5/2012 16:56:00,12.73
11/6/2012 16:56:00,12.96
11/7/2012 16:56:00,13.04
11/8/2012 16:56:00,13.16
11/9/2012 16:56:00,13.03
11/12/2012 16:56:00,13.07
11/13/2012 16:56:00,13.14
11/14/2012 16:56:00,13.09
11/15/2012 16:56:00,13.09
11/16/2012 16:56:00,13.26
11/19/2012 16:56:00,13.28
11/21/2012 16:56:00,13.19
11/22/2012 16:56:00,13.17
11/23/2012 16:56:00,13.31
11/26/2012 16:56:00,13.35
11/27/2012 16:56:00,13.5
11/28/2012 16:56:00,13.71
11/29/2012 16:56:00,13.82
11/30/2012 16:56:00,13.42
12/3/2012 16:56:00,13.28
12/4/2012 16:56:00,13.16
12/5/2012 16:56:00,13.02
12/6/2012 16:56:00,13.08
12/7/2012 16:56:00,13.14
12/10/2012 16:56:00,13.2
12/11/2012 16:56:00,13.29
12/12/2012 16:56:00,13.29
12/13/2012 16:56:00,13.2
12/14/2012 16:56:00,13.14
12/17/2012 16:56:00,13.11
12/18/2012 16:56:00,13.24
12/19/2012 16:56:00,13.22
12/20/2012 16:56:00,13.26
12/21/2012 16:56:00,13.26
12/26/2012 16:56:00,13.22
12/27/2012 16:56:00,13.53
12/28/2012 16:56:00,13.74
1/2/2013 16:56:00,14.1
1/3/2013 16:56:00,14.17
1/4/2013 16:56:00,14.19
1/7/2013 16:56:00,14.22
1/8/2013 16:56:00,14.01
1/9/2013 16:56:00,13.54
1/10/2013 16:56:00,13.4
1/11/2013 16:56:00,13.33
1/14/2013 16:56:00,13.39
1/15/2013 16:56:00,13.34
1/16/2013 16:56:00,13.14
1/17/2013 16:56:00,13.29
1/18/2013 16:56:00,13.15
1/21/2013 16:56:00,13.31
1/22/2013 16:56:00,13.31
1/23/2013 16:56:00,13.3
1/24/2013 16:56:00,13.2
1/28/2013 16:56:00,13.26
1/29/2013 16:56:00,13.56
1/30/2013 16:56:00,13.41
1/31/2013 16:56:00,13.58
2/1/2013 16:56:00,13.9
2/4/2013 16:56:00,13.89
2/5/2013 16:56:00,13.82
2/6/2013 16:56:00,13.62
2/7/2013 16:56:00,13.3
2/8/2013 16:56:00,13.31
2/13/2013 16:56:00,13.14
2/14/2013 16:56:00,13.26
2/15/2013 16:56:00,13.59
2/18/2013 16:56:00,13.61
2/19/2013 16:56:00,13.72
2/20/2013 16:56:00,13.72
2/21/2013 16:56:00,13.72
2/22/2013 16:56:00,13.96
2/25/2013 16:56:00,14.23
2/26/2013 16:56:00,14.31
2/27/2013 16:56:00,14.39
2/28/2013 16:56:00,14.33
3/1/2013 16:56:00,14.42
3/4/2013 16:56:00,14.38
3/5/2013 16:56:00,14.3
3/6/2013 16:56:00,14.32
3/7/2013 16:56:00,14.13
3/8/2013 16:56:00,14.25
3/11/2013 16:56:00,14.31
3/12/2013 16:56:00,14.19
3/13/2013 16:56:00,13.97
3/14/2013 16:56:00,13.84
3/15/2013 16:56:00,13.78
3/18/2013 16:56:00,13.86
3/19/2013 16:56:00,13.81
3/20/2013 16:56:00,13.8
3/21/2013 16:56:00,13.86
3/22/2013 16:56:00,13.7
3/25/2013 16:56:00,13.8
3/26/2013 16:56:00,13.98
3/27/2013 16:56:00,14.15
3/28/2013 16:56:00,14.35
4/1/2013 16:56:00,14.22
4/2/2013 16:56:00,14.25
4/3/2013 16:56:00,14.32
4/4/2013 16:56:00,14.26
4/5/2013 16:56:00,14.48
4/8/2013 16:56:00,14.64
4/9/2013 16:56:00,15.08
4/10/2013 16:56:00,15.22
4/11/2013 16:56:00,15.05
4/12/2013 16:56:00,15.17
4/15/2013 16:56:00,15.08
4/16/2013 16:56:00,15.19
4/17/2013 16:56:00,15.11
4/18/2013 16:56:00,15.27
4/19/2013 16:56:00,15.52
4/22/2013 16:56:00,15.49
4/23/2013 16:56:00,15.55
4/24/2013 16:56:00,15.3
4/25/2013 16:56:00,15.25
4/26/2013 16:56:00,14.95
4/29/2013 16:56:00,14.84
4/30/2013 16:56:00,15.37
5/2/2013 16:56:00,15.44
5/3/2013 16:56:00,15.6
5/6/2013 16:56:00,15.74
5/7/2013 16:56:00,15.86
5/8/2013 16:56:00,15.84
5/9/2013 16:56:00,15.94
5/10/2013 16:56:00,15.85
5/13/2013 16:56:00,15.92
5/14/2013 16:56:00,16.32
5/15/2013 16:56:00,16.19
5/16/2013 16:56:00,15.95
5/17/2013 16:56:00,15.23
5/20/2013 16:56:00,15.3
5/21/2013 16:56:00,15.36
5/22/2013 16:56:00,15.6
5/23/2013 16:56:00,15.5
5/24/2013 16:56:00,15.73
5/27/2013 16:56:00,15.73
5/28/2013 16:56:00,16.02
5/29/2013 16:56:00,15.79
5/31/2013 16:56:00,15.66
6/3/2013 16:56:00,16.02
6/4/2013 16:56:00,16.18
6/5/2013 16:56:00,16.03
6/6/2013 16:56:00,15.63
6/7/2013 16:56:00,15.34
6/10/2013 16:56:00,15.45
6/11/2013 16:56:00,15.13
6/12/2013 16:56:00,15.14
6/13/2013 16:56:00,15.29
6/14/2013 16:56:00,15.36
6/17/2013 16:56:00,15.36
6/18/2013 16:56:00,15.54
6/19/2013 16:56:00,15.13
6/20/2013 16:56:00,15.01
6/21/2013 16:56:00,15.34
6/24/2013 16:56:00,14.96
6/25/2013 16:56:00,15.03
6/26/2013 16:56:00,15.28
6/27/2013 16:56:00,15.89
6/28/2013 16:56:00,16.18
7/1/2013 16:56:00,16.32
7/2/2013 16:56:00,15.94
7/3/2013 16:56:00,16.12
7/4/2013 16:56:00,16.15
7/5/2013 16:56:00,16.2
7/8/2013 16:56:00,15.98
7/10/2013 16:56:00,16.11
7/11/2013 16:56:00,16.28
7/12/2013 16:56:00,16.13
7/15/2013 16:56:00,16.41
7/16/2013 16:56:00,16.49
7/17/2013 16:56:00,16.01
7/18/2013 16:56:00,16.06
7/19/2013 16:56:00,16.1
7/22/2013 16:56:00,16.22
7/23/2013 16:56:00,16.04
7/24/2013 16:56:00,15.99
7/25/2013 16:56:00,16.06
7/26/2013 16:56:00,16.1
7/29/2013 16:56:00,15.82
7/30/2013 16:56:00,16.1
7/31/2013 16:56:00,16.27
8/1/2013 16:56:00,16.28
8/2/2013 16:56:00,16.29
8/5/2013 16:56:00,16.26
8/6/2013 16:56:00,16.06
8/7/2013 16:56:00,15.86
8/8/2013 16:56:00,16.21
8/9/2013 16:56:00,16.28
8/12/2013 16:56:00,16.21
8/13/2013 16:56:00,16.31
8/14/2013 16:56:00,16.37
8/15/2013 16:56:00,16.24
8/16/2013 16:56:00,16.35
8/19/2013 16:56:00,16.16
8/20/2013 16:56:00,16.2
8/21/2013 16:56:00,16.36
8/22/2013 16:56:00,16.42
8/23/2013 16:56:00,16.87
8/26/2013 16:56:00,17.02
8/27/2013 16:56:00,16.88
8/28/2013 16:56:00,16.62
8/29/2013 16:56:00,16.71
8/30/2013 16:56:00,16.91
9/2/2013 16:56:00,16.97
9/3/2013 16:56:00,16.7
9/4/2013 16:56:00,16.59
9/5/2013 16:56:00,16.41
9/6/2013 16:56:00,16.51
9/9/2013 16:56:00,16.67
9/10/2013 16:56:00,16.58
9/11/2013 16:56:00,16.55
9/12/2013 16:56:00,16.5
9/13/2013 16:56:00,16.63
9/16/2013 16:56:00,16.74
9/17/2013 16:56:00,16.85
9/18/2013 16:56:00,16.96
9/19/2013 16:56:00,16.98
9/20/2013 16:56:00,16.58
9/23/2013 16:56:00,16.88
9/24/2013 16:56:00,16.55
9/25/2013 16:56:00,16.67
9/26/2013 16:56:00,17
9/27/2013 16:56:00,17.61
9/30/2013 16:56:00,17.34
10/1/2013 16:56:00,17.64
10/2/2013 16:56:00,17.79
10/3/2013 16:56:00,17.94
10/4/2013 16:56:00,18.17
10/7/2013 16:56:00,18.46
10/8/2013 16:56:00,18.16
10/9/2013 16:56:00,18.23
10/10/2013 16:56:00,18.17
10/11/2013 16:56:00,18.74
10/14/2013 16:56:00,18.98
10/15/2013 16:56:00,19.07
10/16/2013 16:56:00,19.14
10/17/2013 16:56:00,19.22
10/18/2013 16:56:00,19.06
10/21/2013 16:56:00,19.04
10/22/2013 16:56:00,18.87
10/23/2013 16:56:00,19.05
10/24/2013 16:56:00,18.88
10/25/2013 16:56:00,19.27
10/28/2013 16:56:00,19.14
10/29/2013 16:56:00,19.31
10/30/2013 16:56:00,19.26
10/31/2013 16:56:00,19.73
11/1/2013 16:56:00,19.62
11/4/2013 16:56:00,19.88
11/5/2013 16:56:00,19.31
11/6/2013 16:56:00,19.07
11/7/2013 16:56:00,19.46
11/8/2013 16:56:00,19.08
11/11/2013 16:56:00,19.05
11/12/2013 16:56:00,18.78
11/13/2013 16:56:00,18.88
11/14/2013 16:56:00,19.35
11/18/2013 16:56:00,19.44
11/19/2013 16:56:00,19.23
11/21/2013 16:56:00,19.24
11/22/2013 16:56:00,19.36
11/25/2013 16:56:00,19.21
11/26/2013 16:56:00,19.4
11/27/2013 16:56:00,19.36
11/28/2013 16:56:00,19.46
11/29/2013 16:56:00,19.6
12/2/2013 16:56:00,19.51
12/3/2013 16:56:00,19.22
12/4/2013 16:56:00,19.01
12/5/2013 16:56:00,19.14
12/6/2013 16:56:00,18.95
12/9/2013 16:56:00,18.94
12/10/2013 16:56:00,18.71
12/11/2013 16:56:00,18.52
12/12/2013 16:56:00,18.72
12/13/2013 16:56:00,18.82
12/16/2013 16:56:00,18.59
12/17/2013 16:56:00,19
12/18/2013 16:56:00,18.93
12/19/2013 16:56:00,18.92
12/20/2013 16:56:00,19.07
12/23/2013 16:56:00,19.24
12/26/2013 16:56:00,18.92
12/27/2013 16:56:00,18.89
12/30/2013 16:56:00,19
1/2/2014 16:56:00,19.13
1/3/2014 16:56:00,19.37
1/6/2014 16:56:00,19.4
1/7/2014 16:56:00,19.62
1/8/2014 16:56:00,19.65
1/9/2014 16:56:00,19.5
1/10/2014 16:56:00,19.6
1/13/2014 16:56:00,19.49
1/14/2014 16:56:00,19.3
1/15/2014 16:56:00,19.27
1/16/2014 16:56:00,19.24
1/17/2014 16:56:00,19.14
1/20/2014 16:56:00,19.11
1/21/2014 16:56:00,18.83
1/22/2014 16:56:00,19.1
1/23/2014 16:56:00,18.66
1/24/2014 16:56:00,18.44
1/27/2014 16:56:00,18.23
1/28/2014 16:56:00,18.26
1/29/2014 16:56:00,18.32
1/30/2014 16:56:00,18.37
1/31/2014 16:56:00,18.59
2/3/2014 16:56:00,18.36
2/4/2014 16:56:00,18.33
2/5/2014 16:56:00,18.08
2/6/2014 16:56:00,18.54
2/7/2014 16:56:00,18.89
2/10/2014 16:56:00,18.74
2/11/2014 16:56:00,19.01
2/12/2014 16:56:00,18.98
2/13/2014 16:56:00,18.85
2/14/2014 16:56:00,18.8
2/17/2014 16:56:00,18.72
2/18/2014 16:56:00,18.89
2/19/2014 16:56:00,18.84
2/20/2014 16:56:00,18.66
2/21/2014 16:56:00,18.69
2/24/2014 16:56:00,18.82
2/25/2014 16:56:00,18.56
2/26/2014 16:56:00,18.55
2/27/2014 16:56:00,18.71
2/28/2014 16:56:00,18.37
3/5/2014 16:56:00,18.74
3/6/2014 16:56:00,18.98
3/7/2014 16:56:00,18.98
3/10/2014 16:56:00,19.37
3/11/2014 16:56:00,19.81
3/12/2014 16:56:00,19.63
3/13/2014 16:56:00,19.51
3/14/2014 16:56:00,19.05
3/17/2014 16:56:00,19.31
3/18/2014 16:56:00,19.98
3/19/2014 16:56:00,20.18
3/20/2014 16:56:00,20.33
3/21/2014 16:56:00,20.33
3/24/2014 16:56:00,20.52
3/25/2014 16:56:00,20.65
3/26/2014 16:56:00,20.43
3/27/2014 16:56:00,20.59
3/28/2014 16:56:00,20.66
3/31/2014 16:56:00,20.92
4/1/2014 16:56:00,21.06
4/2/2014 16:56:00,21.27
4/3/2014 16:56:00,21.33
4/4/2014 16:56:00,20.69
4/7/2014 16:56:00,21.15
4/8/2014 16:56:00,20.95
4/9/2014 16:56:00,21.12
4/10/2014 16:56:00,21.27
4/11/2014 16:56:00,21.3
4/14/2014 16:56:00,21.3
4/15/2014 16:56:00,21.16
4/16/2014 16:56:00,21.73
4/17/2014 16:56:00,22.04
4/22/2014 16:56:00,22.56
4/23/2014 16:56:00,22.58
4/24/2014 16:56:00,22.48
4/25/2014 16:56:00,22.23
4/28/2014 16:56:00,22
4/29/2014 16:56:00,22.34
4/30/2014 16:56:00,22.87
5/2/2014 16:56:00,22.69
5/5/2014 16:56:00,22.9
5/6/2014 16:56:00,23.04
5/7/2014 16:56:00,22.51
5/8/2014 16:56:00,22.53
5/9/2014 16:56:00,22.74
5/12/2014 16:56:00,22.64
5/13/2014 16:56:00,22.48
5/14/2014 16:56:00,22.44
5/15/2014 16:56:00,22.09
5/16/2014 16:56:00,22.64
5/19/2014 16:56:00,22.64
5/20/2014 16:56:00,22.19
5/21/2014 16:56:00,22.59
5/22/2014 16:56:00,22.95
5/23/2014 16:56:00,23.37
5/26/2014 16:56:00,23.3
5/27/2014 16:56:00,23.15
5/28/2014 16:56:00,23.5
5/29/2014 16:56:00,23.44
5/30/2014 16:56:00,23.17
6/2/2014 16:56:00,23.47
6/3/2014 16:56:00,24.02
6/4/2014 16:56:00,23.9
6/5/2014 16:56:00,23.94
6/6/2014 16:56:00,24.42
6/9/2014 16:56:00,25.03
6/10/2014 16:56:00,25.75
6/11/2014 16:56:00,25.83
6/13/2014 16:56:00,26.02
6/16/2014 16:56:00,26.07
6/17/2014 16:56:00,25.9
6/18/2014 16:56:00,26
6/20/2014 16:56:00,26.05
6/23/2014 16:56:00,26.22
6/24/2014 16:56:00,26.91
6/25/2014 16:56:00,26.71
6/26/2014 16:56:00,26.64
6/27/2014 16:56:00,26.62
6/30/2014 16:56:00,26.33
7/1/2014 16:56:00,26.41
7/2/2014 16:56:00,25.46
7/3/2014 16:56:00,25.92
7/4/2014 16:56:00,26.16
7/7/2014 16:56:00,26.22
7/8/2014 16:56:00,26.26
7/10/2014 16:56:00,26.76
7/11/2014 16:56:00,26.79
7/14/2014 16:56:00,26.71
7/15/2014 16:56:00,26.33
7/16/2014 16:56:00,25.29
7/17/2014 16:56:00,24.91
7/18/2014 16:56:00,25.1
7/21/2014 16:56:00,25.83
7/22/2014 16:56:00,26.11
7/23/2014 16:56:00,26.19
7/24/2014 16:56:00,26.01
7/25/2014 16:56:00,26.03
7/28/2014 16:56:00,25.95
7/29/2014 16:56:00,25.61
7/30/2014 16:56:00,24.39
7/31/2014 16:56:00,24.02
8/1/2014 16:56:00,24.34
8/4/2014 16:56:00,24.83
8/5/2014 16:56:00,24.3
8/6/2014 16:56:00,23.73
8/7/2014 16:56:00,24.14
8/8/2014 16:56:00,23.89
8/11/2014 16:56:00,24.65
8/12/2014 16:56:00,24.74
8/13/2014 16:56:00,24.88
8/14/2014 16:56:00,25.12
8/15/2014 16:56:00,25.25
8/18/2014 16:56:00,25.35
8/19/2014 16:56:00,25.23
8/20/2014 16:56:00,24.31
8/21/2014 16:56:00,23.95
8/22/2014 16:56:00,24.23
8/25/2014 16:56:00,24.94
8/26/2014 16:56:00,24.69
8/27/2014 16:56:00,24.33
8/28/2014 16:56:00,24.1
8/29/2014 16:56:00,24.28
9/1/2014 16:56:00,23.73
9/2/2014 16:56:00,23.87
9/3/2014 16:56:00,23.78
9/4/2014 16:56:00,23.73
9/5/2014 16:56:00,23.74
9/8/2014 16:56:00,24.02
9/9/2014 16:56:00,24.13
9/10/2014 16:56:00,23.87
9/11/2014 16:56:00,23.55
9/12/2014 16:56:00,22.99
9/15/2014 16:56:00,23.41
9/16/2014 16:56:00,23.94
9/17/2014 16:56:00,23.44
9/18/2014 16:56:00,23
9/19/2014 16:56:00,23.02
9/22/2014 16:56:00,22.62
9/23/2014 16:56:00,22.64
9/24/2014 16:56:00,22.51
9/25/2014 16:56:00,22.4
9/26/2014 16:56:00,22.31
9/29/2014 16:56:00,22.79
9/30/2014 16:56:00,23.15
10/1/2014 16:56:00,22.41
10/2/2014 16:56:00,22.14
10/3/2014 16:56:00,22.46
10/6/2014 16:56:00,23.29
10/7/2014 16:56:00,23.78
10/8/2014 16:56:00,23.61
10/9/2014 16:56:00,23.84
10/10/2014 16:56:00,23.16
10/13/2014 16:56:00,23.88
10/14/2014 16:56:00,22.37
10/15/2014 16:56:00,21.88
10/16/2014 16:56:00,21.05
10/17/2014 16:56:00,22.4
10/20/2014 16:56:00,21.79
10/21/2014 16:56:00,21.41
10/22/2014 16:56:00,21.74
10/23/2014 16:56:00,21.37
10/24/2014 16:56:00,21.09
10/27/2014 16:56:00,21.94
10/28/2014 16:56:00,22.73
10/29/2014 16:56:00,22.53
10/30/2014 16:56:00,22.59
10/31/2014 16:56:00,23.55
11/3/2014 16:56:00,23.51
11/4/2014 16:56:00,23.44
11/5/2014 16:56:00,22.69
11/6/2014 16:56:00,21.96
11/7/2014 16:56:00,22.37
11/10/2014 16:56:00,21.82
11/11/2014 16:56:00,21.9
11/12/2014 16:56:00,22.61
11/13/2014 16:56:00,22.44
11/14/2014 16:56:00,22.64
11/17/2014 16:56:00,23.21
11/18/2014 16:56:00,24.31
11/19/2014 16:56:00,25
11/21/2014 16:56:00,25.03
11/24/2014 16:56:00,25.31
11/25/2014 16:56:00,25.68
11/26/2014 16:56:00,25.3
11/27/2014 16:56:00,25.23
11/28/2014 16:56:00,25.24
12/1/2014 16:56:00,24.32
12/2/2014 16:56:00,24.32
12/3/2014 16:56:00,24.78
12/4/2014 16:56:00,24.47
12/5/2014 16:56:00,24.47
12/8/2014 16:56:00,24.79
12/9/2014 16:56:00,24.09
12/10/2014 16:56:00,23.95
12/11/2014 16:56:00,23.89
12/12/2014 16:56:00,24.06
12/15/2014 16:56:00,23.87
12/16/2014 16:56:00,23.13
12/17/2014 16:56:00,23.14
12/18/2014 16:56:00,23.22
12/19/2014 16:56:00,22.99
12/22/2014 16:56:00,23.23
12/23/2014 16:56:00,23.08
12/26/2014 16:56:00,22.78
12/29/2014 16:56:00,23.1
12/30/2014 16:56:00,23.58
1/2/2015 16:56:00,23.87
1/5/2015 16:56:00,23.02
1/6/2015 16:56:00,22.16
1/7/2015 16:56:00,21.75
1/8/2015 16:56:00,21.96
1/9/2015 16:56:00,22.66
1/12/2015 16:56:00,23.1
1/13/2015 16:56:00,22.36
1/14/2015 16:56:00,21.7
1/15/2015 16:56:00,22.05
1/16/2015 16:56:00,21.64
1/19/2015 16:56:00,22.53
1/20/2015 16:56:00,21.99
1/21/2015 16:56:00,22.34
1/22/2015 16:56:00,22.51
1/23/2015 16:56:00,22.77
1/26/2015 16:56:00,22.16
1/27/2015 16:56:00,21.89
1/28/2015 16:56:00,22.49
1/29/2015 16:56:00,22.63
1/30/2015 16:56:00,23.26
2/2/2015 16:56:00,23.24
2/3/2015 16:56:00,23.13
2/4/2015 16:56:00,23.44
2/5/2015 16:56:00,23.86
2/6/2015 16:56:00,24.07
2/9/2015 16:56:00,24.07
2/10/2015 16:56:00,24.25
2/11/2015 16:56:00,24.53
2/12/2015 16:56:00,24.42
2/13/2015 16:56:00,24.89
2/18/2015 16:56:00,25.12
2/19/2015 16:56:00,24.98
2/20/2015 16:56:00,24.95
2/23/2015 16:56:00,24.97
2/24/2015 16:56:00,25.12
2/25/2015 16:56:00,25.09
2/26/2015 16:56:00,24.91
2/27/2015 16:56:00,25.41
3/2/2015 16:56:00,25.63
3/3/2015 16:56:00,25.23
3/4/2015 16:56:00,25.68
3/5/2015 16:56:00,25.47
3/6/2015 16:56:00,25.3
3/9/2015 16:56:00,25.46
3/10/2015 16:56:00,25.09
3/11/2015 16:56:00,25.72
3/12/2015 16:56:00,26.09
3/13/2015 16:56:00,25.71
3/16/2015 16:56:00,25.35
3/17/2015 16:56:00,25.73
3/18/2015 16:56:00,26.39
3/19/2015 16:56:00,27.37
3/20/2015 16:56:00,26.87
3/23/2015 16:56:00,26.91
3/24/2015 16:56:00,26.65
3/25/2015 16:56:00,26.45
3/26/2015 16:56:00,26.35
3/27/2015 16:56:00,26.05
3/30/2015 16:56:00,26.23
3/31/2015 16:56:00,26.39
4/1/2015 16:56:00,26.28
4/2/2015 16:56:00,27.31
4/6/2015 16:56:00,27.32
4/7/2015 16:56:00,27.55
4/8/2015 16:56:00,27.46
4/9/2015 16:56:00,27.72
4/10/2015 16:56:00,27.49
4/13/2015 16:56:00,28.41
4/14/2015 16:56:00,28.41
4/15/2015 16:56:00,28.42
4/16/2015 16:56:00,28.24
4/17/2015 16:56:00,28.26
4/20/2015 16:56:00,27.83
4/22/2015 16:56:00,27.73
4/23/2015 16:56:00,28.3
4/24/2015 16:56:00,28.25
4/27/2015 16:56:00,27.54
4/28/2015 16:56:00,27.75
4/29/2015 16:56:00,28.94
4/30/2015 16:56:00,29.1
5/4/2015 16:56:00,29.01
5/5/2015 16:56:00,29.17
5/6/2015 16:56:00,29.31
5/7/2015 16:56:00,29.26
5/8/2015 16:56:00,29.38
5/11/2015 16:56:00,29.31
5/12/2015 16:56:00,29.3
5/13/2015 16:56:00,29.23
5/14/2015 16:56:00,29.37
5/15/2015 16:56:00,29.74
5/18/2015 16:56:00,29.42
5/19/2015 16:56:00,29.06
5/20/2015 16:56:00,28.61
5/21/2015 16:56:00,28.93
5/22/2015 16:56:00,28.58
5/25/2015 16:56:00,28.88
5/26/2015 16:56:00,28.37
5/27/2015 16:56:00,28.45
5/28/2015 16:56:00,28.57
5/29/2015 16:56:00,27.68
6/1/2015 16:56:00,28.1
6/2/2015 16:56:00,28.57
6/3/2015 16:56:00,28.28
6/5/2015 16:56:00,28.1
6/8/2015 16:56:00,28.26
6/9/2015 16:56:00,28.12
6/10/2015 16:56:00,29.62
6/11/2015 16:56:00,28.99
6/12/2015 16:56:00,28.76
6/15/2015 16:56:00,28.82
6/16/2015 16:56:00,28.71
6/17/2015 16:56:00,28.57
6/18/2015 16:56:00,29.13
6/19/2015 16:56:00,28.92
6/22/2015 16:56:00,29.06
6/23/2015 16:56:00,29.2
6/24/2015 16:56:00,28.99
6/25/2015 16:56:00,29.03
6/26/2015 16:56:00,29.55
6/29/2015 16:56:00,29.17
6/30/2015 16:56:00,30.47
7/1/2015 16:56:00,31.04
7/2/2015 16:56:00,31.19
7/3/2015 16:56:00,31.13
7/6/2015 16:56:00,31.03
7/7/2015 16:56:00,30.91
7/8/2015 16:56:00,30.41
7/10/2015 16:56:00,30.69
7/13/2015 16:56:00,30.19
7/14/2015 16:56:00,30.76
7/15/2015 16:56:00,31.11
7/16/2015 16:56:00,31.08
7/17/2015 16:56:00,31.53
7/20/2015 16:56:00,31.5
7/21/2015 16:56:00,31.81
7/22/2015 16:56:00,31.78
7/23/2015 16:56:00,30.67
7/24/2015 16:56:00,30.47
7/27/2015 16:56:00,30.26
7/28/2015 16:56:00,30.8
7/29/2015 16:56:00,31.27
7/30/2015 16:56:00,30.31
7/31/2015 16:56:00,30.24
8/3/2015 16:56:00,30.54
8/4/2015 16:56:00,30.38
8/5/2015 16:56:00,30.61
8/6/2015 16:56:00,29.23
8/7/2015 16:56:00,28.51
8/10/2015 16:56:00,29.52
8/11/2015 16:56:00,29.28
8/12/2015 16:56:00,28.76
8/13/2015 16:56:00,28.47
8/14/2015 16:56:00,27.85
8/17/2015 16:56:00,28.47
8/18/2015 16:56:00,28.4
8/19/2015 16:56:00,27.92
8/20/2015 16:56:00,27.81
8/21/2015 16:56:00,27.36
8/24/2015 16:56:00,26.81
8/25/2015 16:56:00,26.39
8/26/2015 16:56:00,27.17
8/27/2015 16:56:00,27.92
8/28/2015 16:56:00,27.08
8/31/2015 16:56:00,26.63
9/1/2015 16:56:00,26.11
9/2/2015 16:56:00,26.04
9/3/2015 16:56:00,26.25
9/4/2015 16:56:00,25.72
9/8/2015 16:56:00,25.4
9/9/2015 16:56:00,25.76
9/10/2015 16:56:00,25.3
9/11/2015 16:56:00,25.69
9/14/2015 16:56:00,26.07
9/15/2015 16:56:00,26.06
9/16/2015 16:56:00,26.63
9/17/2015 16:56:00,26.44
9/18/2015 16:56:00,26
9/21/2015 16:56:00,26.06
9/22/2015 16:56:00,25.72
9/23/2015 16:56:00,25.62
9/24/2015 16:56:00,25.07
9/25/2015 16:56:00,24.96
9/28/2015 16:56:00,24.09
9/29/2015 16:56:00,25.26
9/30/2015 16:56:00,25.46
10/1/2015 16:56:00,25.49
10/2/2015 16:56:00,26.91
10/5/2015 16:56:00,26.67
10/6/2015 16:56:00,26.94
10/7/2015 16:56:00,26.96
10/8/2015 16:56:00,27.11
10/9/2015 16:56:00,27.4
10/13/2015 16:56:00,26.35
10/14/2015 16:56:00,25.69
10/15/2015 16:56:00,26.33
10/16/2015 16:56:00,26.98
10/19/2015 16:56:00,27.24
10/20/2015 16:56:00,26.58
10/21/2015 16:56:00,26.63
10/22/2015 16:56:00,27.29
10/23/2015 16:56:00,26.89
10/26/2015 16:56:00,27.22
10/27/2015 16:56:00,27.47
10/28/2015 16:56:00,27.08
10/29/2015 16:56:00,25.9
10/30/2015 16:56:00,25.38
11/3/2015 16:56:00,26.24
11/4/2015 16:56:00,25.83
11/5/2015 16:56:00,26.35
11/6/2015 16:56:00,26.01
11/9/2015 16:56:00,25.43
11/10/2015 16:56:00,25.7
11/11/2015 16:56:00,25.4
11/12/2015 16:56:00,25.67
11/13/2015 16:56:00,25.65
11/16/2015 16:56:00,25.65
11/17/2015 16:56:00,26
11/18/2015 16:56:00,25.56
11/19/2015 16:56:00,26.17
11/23/2015 16:56:00,26.51
11/24/2015 16:56:00,26.32
11/25/2015 16:56:00,25.78
11/26/2015 16:56:00,26.2
11/27/2015 16:56:00,25.6
11/30/2015 16:56:00,24.38
12/1/2015 16:56:00,24.13
12/2/2015 16:56:00,24.03
12/3/2015 16:56:00,25.35
12/4/2015 16:56:00,24.93
12/7/2015 16:56:00,25
12/8/2015 16:56:00,24.81
12/9/2015 16:56:00,26.04
12/10/2015 16:56:00,25.28
12/11/2015 16:56:00,25.16
12/14/2015 16:56:00,24.93
12/15/2015 16:56:00,24.65
12/16/2015 16:56:00,24.89
12/17/2015 16:56:00,25.06
12/18/2015 16:56:00,24.14
12/21/2015 16:56:00,23.61
12/22/2015 16:56:00,23.3
12/23/2015 16:56:00,23.9
12/28/2015 16:56:00,23.83
12/29/2015 16:56:00,23.68
12/30/2015 16:56:00,23.33
1/4/2016 16:56:00,22.37
1/5/2016 16:56:00,23.44
1/6/2016 16:56:00,23.8
1/7/2016 16:56:00,23.89
1/8/2016 16:56:00,24.31
1/11/2016 16:56:00,23.16
1/12/2016 16:56:00,23.24
1/13/2016 16:56:00,22.81
1/14/2016 16:56:00,22.64
1/15/2016 16:56:00,22.75
1/18/2016 16:56:00,22.67
1/19/2016 16:56:00,22.57
1/20/2016 16:56:00,22.56
1/21/2016 16:56:00,22.57
1/22/2016 16:56:00,22.53
1/26/2016 16:56:00,22.05
1/27/2016 16:56:00,22.53
1/28/2016 16:56:00,22.62
1/29/2016 16:56:00,23.52
2/1/2016 16:56:00,23.16
2/2/2016 16:56:00,21.67
2/3/2016 16:56:00,22.38
2/4/2016 16:56:00,22.95
2/5/2016 16:56:00,21.58
2/10/2016 16:56:00,21.19
2/11/2016 16:56:00,19.51
2/12/2016 16:56:00,20.31
2/15/2016 16:56:00,20.66
2/16/2016 16:56:00,20.76
2/17/2016 16:56:00,20.73
2/18/2016 16:56:00,21.25
2/19/2016 16:56:00,22.03
2/22/2016 16:56:00,22.26
2/23/2016 16:56:00,21.76
2/24/2016 16:56:00,21.49
2/25/2016 16:56:00,21.35
2/26/2016 16:56:00,21.17
2/29/2016 16:56:00,21.53
3/1/2016 16:56:00,22.36
3/2/2016 16:56:00,22.97
3/3/2016 16:56:00,24.01
3/7/2016 16:56:00,24.31
3/8/2016 16:56:00,24.65
3/9/2016 16:56:00,24.24
3/10/2016 16:56:00,24.77
3/11/2016 16:56:00,23.45
3/14/2016 16:56:00,23.09
3/15/2016 16:56:00,23.06
3/16/2016 16:56:00,23.28
3/17/2016 16:56:00,24.38
3/18/2016 16:56:00,24.49
3/21/2016 16:56:00,24.38
3/22/2016 16:56:00,24.44
3/23/2016 16:56:00,23.8
3/24/2016 16:56:00,23.26
3/28/2016 16:56:00,24.25
3/29/2016 16:56:00,24.69
3/30/2016 16:56:00,24.91
3/31/2016 16:56:00,24.23
4/1/2016 16:56:00,25.13
4/4/2016 16:56:00,24.9
4/5/2016 16:56:00,25.17
4/6/2016 16:56:00,24.81
4/7/2016 16:56:00,25.21
4/8/2016 16:56:00,26.46
4/11/2016 16:56:00,25.92
4/12/2016 16:56:00,26.56
4/13/2016 16:56:00,27.48
4/14/2016 16:56:00,27.78
4/15/2016 16:56:00,27.46
4/18/2016 16:56:00,27.42
4/19/2016 16:56:00,27.52
4/20/2016 16:56:00,27.02
4/21/2016 16:56:00,26.97
4/22/2016 16:56:00,27.38
4/25/2016 16:56:00,26.5
4/26/2016 16:56:00,27.3
4/27/2016 16:56:00,28.08
4/28/2016 16:56:00,28.38
4/29/2016 16:56:00,27.92
5/2/2016 16:56:00,27.98
5/3/2016 16:56:00,29.11
5/4/2016 16:56:00,28.93
5/5/2016 16:56:00,28.96
5/6/2016 16:56:00,28.48
5/9/2016 16:56:00,28.17
5/10/2016 16:56:00,28.74
5/11/2016 16:56:00,28.84
5/12/2016 16:56:00,29.63
5/13/2016 16:56:00,28.85
5/16/2016 16:56:00,29.04
5/17/2016 16:56:00,28.08
5/18/2016 16:56:00,27.23
5/19/2016 16:56:00,27.04
5/20/2016 16:56:00,26.24
5/23/2016 16:56:00,26.17
5/24/2016 16:56:00,26.3
5/25/2016 16:56:00,26.48
5/27/2016 16:56:00,26.38
5/30/2016 16:56:00,26.08
5/31/2016 16:56:00,26.46
6/1/2016 16:56:00,26.67
6/2/2016 16:56:00,26.88
6/3/2016 16:56:00,27.29
6/6/2016 16:56:00,27.35
6/7/2016 16:56:00,27.5
6/8/2016 16:56:00,27.98
6/9/2016 16:56:00,27.58
6/10/2016 16:56:00,27.11
6/13/2016 16:56:00,26.98
6/14/2016 16:56:00,26.93
6/15/2016 16:56:00,27.29
6/16/2016 16:56:00,27.79
6/17/2016 16:56:00,27.63
6/20/2016 16:56:00,27.76
6/21/2016 16:56:00,28.57
6/22/2016 16:56:00,27.7
6/23/2016 16:56:00,28.11
6/24/2016 16:56:00,27.91
6/27/2016 16:56:00,27.57
6/28/2016 16:56:00,27.58
6/29/2016 16:56:00,28.21
6/30/2016 16:56:00,28.22
7/1/2016 16:56:00,28.26
7/4/2016 16:56:00,28.17
7/5/2016 16:56:00,28.28
7/6/2016 16:56:00,28.08
7/7/2016 16:56:00,28.78
7/8/2016 16:56:00,29.17
7/11/2016 16:56:00,29.71
7/12/2016 16:56:00,29.67
7/13/2016 16:56:00,29.32
7/14/2016 16:56:00,29.46
7/15/2016 16:56:00,29.87
7/18/2016 16:56:00,29.81
7/19/2016 16:56:00,30.63
7/20/2016 16:56:00,30.42
7/21/2016 16:56:00,30.13
7/22/2016 16:56:00,30.36
7/25/2016 16:56:00,30.25
7/26/2016 16:56:00,30.08
7/27/2016 16:56:00,29.88
7/28/2016 16:56:00,30.14
7/29/2016 16:56:00,30.63
8/1/2016 16:56:00,31.11
8/2/2016 16:56:00,29.35
8/3/2016 16:56:00,29.29
8/4/2016 16:56:00,29.69
8/5/2016 16:56:00,29.83
8/8/2016 16:56:00,29.33
8/9/2016 16:56:00,29.33
8/10/2016 16:56:00,29.17
8/11/2016 16:56:00,29.73
8/12/2016 16:56:00,29.29
8/15/2016 16:56:00,29.27
8/16/2016 16:56:00,28.98
8/17/2016 16:56:00,29.24
8/18/2016 16:56:00,28.96
8/19/2016 16:56:00,28.27
8/22/2016 16:56:00,28.27
8/23/2016 16:56:00,28.25
8/24/2016 16:56:00,28.41
8/25/2016 16:56:00,28.21
8/26/2016 16:56:00,27.5
8/29/2016 16:56:00,27.93
8/30/2016 16:56:00,27.93
8/31/2016 16:56:00,27.99
9/1/2016 16:56:00,27.52
9/2/2016 16:56:00,27.58
9/5/2016 16:56:00,27.29
9/6/2016 16:56:00,27.5
9/8/2016 16:56:00,27.43
9/9/2016 16:56:00,26.88
9/12/2016 16:56:00,27.19
9/13/2016 16:56:00,26.63
9/14/2016 16:56:00,27.17
9/15/2016 16:56:00,27.44
9/16/2016 16:56:00,27.55
9/19/2016 16:56:00,27.5
9/20/2016 16:56:00,27.86
9/21/2016 16:56:00,27.18
9/22/2016 16:56:00,27.17
9/23/2016 16:56:00,26.96
9/26/2016 16:56:00,26.67
9/27/2016 16:56:00,26.79
9/28/2016 16:56:00,27.18
9/29/2016 16:56:00,27
9/30/2016 16:56:00,27.09
10/3/2016 16:56:00,27.93
10/4/2016 16:56:00,27.9
10/5/2016 16:56:00,27.68
10/6/2016 16:56:00,27.33
10/7/2016 16:56:00,27.54
10/10/2016 16:56:00,28.11
10/11/2016 16:56:00,27.53
10/13/2016 16:56:00,27.64
10/14/2016 16:56:00,26.67
10/17/2016 16:56:00,26.59
10/18/2016 16:56:00,27.28
10/19/2016 16:56:00,27.23
10/20/2016 16:56:00,27.5
10/21/2016 16:56:00,27.46
10/24/2016 16:56:00,27.38
10/25/2016 16:56:00,27.33
10/26/2016 16:56:00,27.15
10/27/2016 16:56:00,27.25
10/28/2016 16:56:00,27.11
10/31/2016 16:56:00,27
11/1/2016 16:56:00,27.07
11/3/2016 16:56:00,26.88
11/4/2016 16:56:00,26.63
11/7/2016 16:56:00,26.98
11/8/2016 16:56:00,27.26
11/9/2016 16:56:00,26.4
11/10/2016 16:56:00,25.37
11/11/2016 16:56:00,24.86
11/14/2016 16:56:00,24.84
11/16/2016 16:56:00,25.13
11/17/2016 16:56:00,24.72
11/18/2016 16:56:00,24.27
11/21/2016 16:56:00,24
11/22/2016 16:56:00,25
11/23/2016 16:56:00,25.3
11/24/2016 16:56:00,24.99
11/25/2016 16:56:00,24.92
11/28/2016 16:56:00,25.08
11/29/2016 16:56:00,24.78
11/30/2016 16:56:00,24.77
12/1/2016 16:56:00,24.08
12/2/2016 16:56:00,23.83
12/5/2016 16:56:00,23.72
12/6/2016 16:56:00,23.62
12/7/2016 16:56:00,24.37
12/8/2016 16:56:00,23.73
12/9/2016 16:56:00,23.31
12/12/2016 16:56:00,22.46
12/13/2016 16:56:00,22.23
12/14/2016 16:56:00,21.69
12/15/2016 16:56:00,20.41
12/16/2016 16:56:00,22.08
12/19/2016 16:56:00,21.58
12/20/2016 16:56:00,22.66
12/21/2016 16:56:00,23.42
12/22/2016 16:56:00,23.5
12/23/2016 16:56:00,23.29
12/26/2016 16:56:00,23.33
12/27/2016 16:56:00,22.83
12/28/2016 16:56:00,22.97
12/29/2016 16:56:00,23.24
1/2/2017 16:56:00,22.71
1/3/2017 16:56:00,23.34
1/4/2017 16:56:00,23.01
1/5/2017 16:56:00,22.76
1/6/2017 16:56:00,22.81
1/9/2017 16:56:00,22.92
1/10/2017 16:56:00,22.15
1/11/2017 16:56:00,21.82
1/12/2017 16:56:00,21.48
1/13/2017 16:56:00,21.65
1/16/2017 16:56:00,21.59
1/17/2017 16:56:00,21.22
1/18/2017 16:56:00,20.96
1/19/2017 16:56:00,21.01
1/20/2017 16:56:00,20.45
1/23/2017 16:56:00,20.71
1/24/2017 16:56:00,21.59
1/26/2017 16:56:00,22.47
1/27/2017 16:56:00,23.03
1/30/2017 16:56:00,22.27
1/31/2017 16:56:00,22.08
2/1/2017 16:56:00,21.96
2/2/2017 16:56:00,22.21
2/3/2017 16:56:00,22.48
2/6/2017 16:56:00,22.43
2/7/2017 16:56:00,22.93
2/8/2017 16:56:00,23.28
2/9/2017 16:56:00,23.33
2/10/2017 16:56:00,23.02
2/13/2017 16:56:00,23.33
2/14/2017 16:56:00,23.12
2/15/2017 16:56:00,23.97
2/16/2017 16:56:00,24.23
2/17/2017 16:56:00,24
2/20/2017 16:56:00,23.67
2/21/2017 16:56:00,24.02
2/22/2017 16:56:00,23.69
2/23/2017 16:56:00,23.19
2/24/2017 16:56:00,22.73
3/1/2017 16:56:00,23.03
3/2/2017 16:56:00,22.79
3/3/2017 16:56:00,23.63
3/6/2017 16:56:00,23.07
3/7/2017 16:56:00,22.59
3/8/2017 16:56:00,22.58
3/9/2017 16:56:00,22.63
3/10/2017 16:56:00,22.5
3/13/2017 16:56:00,22.34
3/14/2017 16:56:00,22.08
3/15/2017 16:56:00,22.69
3/16/2017 16:56:00,22.54
3/17/2017 16:56:00,22.73
3/20/2017 16:56:00,22.53
3/21/2017 16:56:00,22.25
3/22/2017 16:56:00,22.16
3/23/2017 16:56:00,22.64
3/24/2017 16:56:00,23.08
3/27/2017 16:56:00,23.35
3/28/2017 16:56:00,23.45
3/29/2017 16:56:00,23.43
3/30/2017 16:56:00,23.38
3/31/2017 16:56:00,23.59
4/3/2017 16:56:00,24.25
4/4/2017 16:56:00,25.07
4/5/2017 16:56:00,24.34
4/6/2017 16:56:00,23.74
4/7/2017 16:56:00,24.16
4/10/2017 16:56:00,24.1
4/11/2017 16:56:00,23.92
4/12/2017 16:56:00,24.3
4/13/2017 16:56:00,24.33
4/17/2017 16:56:00,24.51
4/18/2017 16:56:00,24.75
4/19/2017 16:56:00,24.7
4/20/2017 16:56:00,24.74
4/24/2017 16:56:00,24.93
4/25/2017 16:56:00,24.78
4/26/2017 16:56:00,24.36
4/27/2017 16:56:00,24.25
4/28/2017 16:56:00,24.1
5/2/2017 16:56:00,24.3
5/3/2017 16:56:00,22.95
5/4/2017 16:56:00,23.17
5/5/2017 16:56:00,23.34
5/8/2017 16:56:00,23.45
5/9/2017 16:56:00,23.95
5/10/2017 16:56:00,24.33
5/11/2017 16:56:00,24.14
5/12/2017 16:56:00,24.08
5/15/2017 16:56:00,23.7
5/16/2017 16:56:00,23.51
5/17/2017 16:56:00,23
5/18/2017 16:56:00,21.9
5/19/2017 16:56:00,22.69
5/22/2017 16:56:00,22.5
5/23/2017 16:56:00,22.94
5/24/2017 16:56:00,23.38
5/25/2017 16:56:00,23.5
5/26/2017 16:56:00,23.78
5/29/2017 16:56:00,23.2
5/30/2017 16:56:00,23.61
5/31/2017 16:56:00,22.81
6/1/2017 16:56:00,22.53
6/2/2017 16:56:00,23
6/5/2017 16:56:00,22.78
6/6/2017 16:56:00,22.44
6/7/2017 16:56:00,22.36
6/8/2017 16:56:00,22.88
6/9/2017 16:56:00,22.8
6/12/2017 16:56:00,23.03
6/13/2017 16:56:00,23.25
6/14/2017 16:56:00,23.46
6/16/2017 16:56:00,23.81
6/19/2017 16:56:00,23.9
6/20/2017 16:56:00,23.76
6/21/2017 16:56:00,24.2
6/22/2017 16:56:00,24.3
6/23/2017 16:56:00,24.67
6/26/2017 16:56:00,24.79
6/27/2017 16:56:00,24.61
6/28/2017 16:56:00,24.79
6/29/2017 16:56:00,24.78
6/30/2017 16:56:00,24.6
7/3/2017 16:56:00,24.53
7/4/2017 16:56:00,24.36
7/5/2017 16:56:00,24.29
7/6/2017 16:56:00,24.15
7/7/2017 16:56:00,24.19
7/10/2017 16:56:00,24.28
7/11/2017 16:56:00,24.41
7/12/2017 16:56:00,24.9
7/13/2017 16:56:00,25.45
7/14/2017 16:56:00,25.7
7/17/2017 16:56:00,25.79
7/18/2017 16:56:00,25.84
7/19/2017 16:56:00,25.79
7/20/2017 16:56:00,25.76
7/21/2017 16:56:00,25.82
7/24/2017 16:56:00,25.75
7/25/2017 16:56:00,25.65
7/26/2017 16:56:00,25.6
7/27/2017 16:56:00,25.79
7/28/2017 16:56:00,25.86
7/31/2017 16:56:00,26.1
8/1/2017 16:56:00,26.05
8/2/2017 16:56:00,24.74
8/3/2017 16:56:00,23.97
8/4/2017 16:56:00,23.7
8/7/2017 16:56:00,23.7
8/8/2017 16:56:00,23.6
8/9/2017 16:56:00,23.38
8/10/2017 16:56:00,23.25
8/11/2017 16:56:00,23.62
8/14/2017 16:56:00,23.88
8/15/2017 16:56:00,23.57
8/16/2017 16:56:00,23.35
8/17/2017 16:56:00,22.9
8/18/2017 16:56:00,22.75
8/21/2017 16:56:00,22.7
8/22/2017 16:56:00,22.55
8/23/2017 16:56:00,22.35
8/24/2017 16:56:00,22.4
8/25/2017 16:56:00,22.34
8/28/2017 16:56:00,22.6
8/29/2017 16:56:00,22.73
8/30/2017 16:56:00,22.39
8/31/2017 16:56:00,22.43
9/1/2017 16:56:00,22.33
9/4/2017 16:56:00,22.16
9/5/2017 16:56:00,22.11
9/6/2017 16:56:00,22.4
9/8/2017 16:56:00,22.18
9/11/2017 16:56:00,23.01
9/12/2017 16:56:00,23.2
9/13/2017 16:56:00,23.3
9/14/2017 16:56:00,23.32
9/15/2017 16:56:00,23.35
9/18/2017 16:56:00,22.63
9/19/2017 16:56:00,22.48
9/20/2017 16:56:00,21.92
9/21/2017 16:56:00,21.58
9/22/2017 16:56:00,21.4
9/25/2017 16:56:00,20.95
9/26/2017 16:56:00,21.64
9/27/2017 16:56:00,21.27
9/28/2017 16:56:00,21.49
9/29/2017 16:56:00,21.98
10/2/2017 16:56:00,21.5
10/3/2017 16:56:00,21.62
10/4/2017 16:56:00,21.88
10/5/2017 16:56:00,22.03
10/6/2017 16:56:00,21.73
10/9/2017 16:56:00,21.7
10/10/2017 16:56:00,21.56
10/11/2017 16:56:00,21.72
10/13/2017 16:56:00,22.26
10/16/2017 16:56:00,22.26
10/17/2017 16:56:00,21.95
10/18/2017 16:56:00,22.04
10/19/2017 16:56:00,22.24
10/20/2017 16:56:00,22.51
10/23/2017 16:56:00,21.7
10/24/2017 16:56:00,21.33
10/25/2017 16:56:00,21.37
10/26/2017 16:56:00,20.95
10/27/2017 16:56:00,20.97
10/30/2017 16:56:00,20.45
10/31/2017 16:56:00,22.38
11/1/2017 16:56:00,23.03
11/3/2017 16:56:00,23.91
11/6/2017 16:56:00,24.14
11/7/2017 16:56:00,23.32
11/8/2017 16:56:00,23.25
11/9/2017 16:56:00,23.1
11/10/2017 16:56:00,23
11/13/2017 16:56:00,22.83
11/14/2017 16:56:00,22.79
11/16/2017 16:56:00,23.19
11/17/2017 16:56:00,23.4
11/21/2017 16:56:00,23.8
11/22/2017 16:56:00,23.57
11/23/2017 16:56:00,23.3
11/24/2017 16:56:00,23.06
11/27/2017 16:56:00,23.1
11/28/2017 16:56:00,22.9
11/29/2017 16:56:00,22.99
11/30/2017 16:56:00,22.9
12/1/2017 16:56:00,23.12
12/4/2017 16:56:00,23.38
12/5/2017 16:56:00,23.48
12/6/2017 16:56:00,23.68
12/7/2017 16:56:00,23.42
12/8/2017 16:56:00,23.33
12/11/2017 16:56:00,23.56
12/12/2017 16:56:00,24.1
12/13/2017 16:56:00,23.79
12/14/2017 16:56:00,23.54
12/15/2017 16:56:00,23.77
12/18/2017 16:56:00,23.49
12/19/2017 16:56:00,23.32
12/20/2017 16:56:00,23.13
12/21/2017 16:56:00,23.1
12/22/2017 16:56:00,23.12
12/26/2017 16:56:00,23.39
12/27/2017 16:56:00,23.51
12/28/2017 16:56:00,23.52
1/2/2018 16:56:00,24.09
1/3/2018 16:56:00,24.43
1/4/2018 16:56:00,24.45
1/5/2018 16:56:00,24.73
1/8/2018 16:56:00,25
1/9/2018 16:56:00,24.55
1/10/2018 16:56:00,24.2
1/11/2018 16:56:00,24.18
1/12/2018 16:56:00,24.1
1/15/2018 16:56:00,23.75
1/16/2018 16:56:00,24.48
1/17/2018 16:56:00,25.5
1/18/2018 16:56:00,26.35
1/19/2018 16:56:00,26.65
1/22/2018 16:56:00,27.38
1/23/2018 16:56:00,27.25
1/24/2018 16:56:00,27
1/26/2018 16:56:00,26.57
1/29/2018 16:56:00,25.99
1/30/2018 16:56:00,26.38
1/31/2018 16:56:00,26.88
2/1/2018 16:56:00,26.97
2/2/2018 16:56:00,26.22
2/5/2018 16:56:00,25.27
2/6/2018 16:56:00,25.12
2/7/2018 16:56:00,25.4
2/8/2018 16:56:00,24.32
2/9/2018 16:56:00,24.14
2/14/2018 16:56:00,24.05
2/15/2018 16:56:00,24.85
2/16/2018 16:56:00,24.36
2/19/2018 16:56:00,24.28
2/20/2018 16:56:00,24.49
2/21/2018 16:56:00,24.67
2/22/2018 16:56:00,24.02
2/23/2018 16:56:00,24.65
2/26/2018 16:56:00,24.28
2/27/2018 16:56:00,24.19
2/28/2018 16:56:00,24.19
3/1/2018 16:56:00,24.2
3/2/2018 16:56:00,23.89
3/5/2018 16:56:00,24.05
3/6/2018 16:56:00,23.62
3/7/2018 16:56:00,23.9
3/8/2018 16:56:00,23.85
3/9/2018 16:56:00,22.98
3/12/2018 16:56:00,22.85
3/13/2018 16:56:00,23.3
3/14/2018 16:56:00,22.95
3/15/2018 16:56:00,21.92
3/16/2018 16:56:00,22.17
3/19/2018 16:56:00,22.55
3/20/2018 16:56:00,22.98
3/21/2018 16:56:00,22.3
3/22/2018 16:56:00,21.91
3/23/2018 16:56:00,21.31
3/26/2018 16:56:00,21
3/27/2018 16:56:00,20.8
3/28/2018 16:56:00,20.78
3/29/2018 16:56:00,20.69
4/2/2018 16:56:00,20.45
4/3/2018 16:56:00,20.49
4/4/2018 16:56:00,20.05
4/5/2018 16:56:00,20.08
4/6/2018 16:56:00,20.22
4/9/2018 16:56:00,20.45
4/10/2018 16:56:00,19.78
4/11/2018 16:56:00,19.7
4/12/2018 16:56:00,19.5
4/13/2018 16:56:00,18.74
4/16/2018 16:56:00,18.85
4/17/2018 16:56:00,19.03
4/18/2018 16:56:00,19.03
4/19/2018 16:56:00,18.8
4/20/2018 16:56:00,18.95
4/23/2018 16:56:00,18.7
4/24/2018 16:56:00,19.3
4/25/2018 16:56:00,19.2
4/26/2018 16:56:00,19.4
4/27/2018 16:56:00,18.95
4/30/2018 16:56:00,19.2
5/2/2018 16:56:00,19.18
5/3/2018 16:56:00,17.99
5/4/2018 16:56:00,17.41
5/7/2018 16:56:00,17.72
5/8/2018 16:56:00,18.15
5/9/2018 16:56:00,17.85
5/10/2018 16:56:00,18.1
5/11/2018 16:56:00,18.08
5/14/2018 16:56:00,18.15
5/15/2018 16:56:00,17.73
5/16/2018 16:56:00,17.52
5/17/2018 16:56:00,17
5/18/2018 16:56:00,16.95
5/21/2018 16:56:00,16.71
5/22/2018 16:56:00,16.76
5/23/2018 16:56:00,16.81
5/24/2018 16:56:00,17.33
5/25/2018 16:56:00,17.15
5/28/2018 16:56:00,16.89
5/29/2018 16:56:00,16.5
5/30/2018 16:56:00,16.95
6/1/2018 16:56:00,17.29
6/4/2018 16:56:00,16.95
6/5/2018 16:56:00,16.45
6/6/2018 16:56:00,16.2
6/7/2018 16:56:00,16
6/8/2018 16:56:00,16.42
6/11/2018 16:56:00,15.8
6/12/2018 16:56:00,15.41
6/13/2018 16:56:00,14.58
6/14/2018 16:56:00,15.33
6/15/2018 16:56:00,15.2
6/18/2018 16:56:00,15.05
6/19/2018 16:56:00,15.95
6/20/2018 16:56:00,16.3
6/21/2018 16:56:00,15.88
6/22/2018 16:56:00,15.33
6/25/2018 16:56:00,15.4
6/26/2018 16:56:00,15.72
6/27/2018 16:56:00,16.05
6/28/2018 16:56:00,16.4
6/29/2018 16:56:00,16.52
7/2/2018 16:56:00,16.2
7/3/2018 16:56:00,16.03
7/4/2018 16:56:00,16
7/5/2018 16:56:00,16
7/6/2018 16:56:00,15.96
7/10/2018 16:56:00,16.81
7/11/2018 16:56:00,16.49
7/12/2018 16:56:00,16.4
7/13/2018 16:56:00,16.9
7/16/2018 16:56:00,17.7
7/17/2018 16:56:00,17.7
7/18/2018 16:56:00,17
7/19/2018 16:56:00,16.96
7/20/2018 16:56:00,17.12
7/23/2018 16:56:00,17.04
7/24/2018 16:56:00,16.92
7/25/2018 16:56:00,16.57
7/26/2018 16:56:00,16.01
7/27/2018 16:56:00,16
7/30/2018 16:56:00,15.9
7/31/2018 16:56:00,14.35
8/1/2018 16:56:00,14.56
8/2/2018 16:56:00,14.45
8/3/2018 16:56:00,14.41
8/6/2018 16:56:00,13.83
8/7/2018 16:56:00,13.28
8/8/2018 16:56:00,14
8/9/2018 16:56:00,14.5
8/10/2018 16:56:00,14.12
8/13/2018 16:56:00,14.35
8/14/2018 16:56:00,15.08
8/15/2018 16:56:00,14.81
8/16/2018 16:56:00,14.98
8/17/2018 16:56:00,14.67
8/20/2018 16:56:00,14.46
8/21/2018 16:56:00,14.41
8/22/2018 16:56:00,14.77
8/23/2018 16:56:00,14.89
8/24/2018 16:56:00,14.97
8/27/2018 16:56:00,15.25
8/28/2018 16:56:00,15.25
8/29/2018 16:56:00,15.31
8/30/2018 16:56:00,15.24
8/31/2018 16:56:00,15.1
9/3/2018 16:56:00,14.87
9/4/2018 16:56:00,14.84
9/5/2018 16:56:00,14.71
9/6/2018 16:56:00,14.12
9/10/2018 16:56:00,14.5
9/11/2018 16:56:00,14.35
9/12/2018 16:56:00,14.5
9/13/2018 16:56:00,14.2
9/14/2018 16:56:00,14.1
9/17/2018 16:56:00,14.19
9/18/2018 16:56:00,13.86
9/19/2018 16:56:00,13.41
9/20/2018 16:56:00,12.68
9/21/2018 16:56:00,12.87
9/24/2018 16:56:00,12.65
9/25/2018 16:56:00,12.54
9/26/2018 16:56:00,12.59
9/27/2018 16:56:00,12.6
9/28/2018 16:56:00,12.25
10/1/2018 16:56:00,12.15
10/2/2018 16:56:00,12.8
10/3/2018 16:56:00,12.28
10/4/2018 16:56:00,12.3
10/5/2018 16:56:00,12.3
10/8/2018 16:56:00,12.8
10/9/2018 16:56:00,12.33
10/10/2018 16:56:00,12.4
10/11/2018 16:56:00,12.43
10/15/2018 16:56:00,12.3
10/16/2018 16:56:00,12.53
10/17/2018 16:56:00,12.7
10/18/2018 16:56:00,12.66
10/19/2018 16:56:00,12.64
10/22/2018 16:56:00,12.85
10/23/2018 16:56:00,12.63
10/24/2018 16:56:00,12.3
10/25/2018 16:56:00,12
10/26/2018 16:56:00,12.15
10/29/2018 16:56:00,12.38
10/30/2018 16:56:00,12.63
10/31/2018 16:56:00,13.2
11/1/2018 16:56:00,12.91
11/5/2018 16:56:00,13.33
11/6/2018 16:56:00,12.89
11/7/2018 16:56:00,12.21
11/8/2018 16:56:00,11.04
11/9/2018 16:56:00,10.6
11/12/2018 16:56:00,10.53
11/13/2018 16:56:00,10.37
11/14/2018 16:56:00,9.83
11/16/2018 16:56:00,9.75
11/19/2018 16:56:00,9.26
11/21/2018 16:56:00,9.37
11/22/2018 16:56:00,9.27
11/23/2018 16:56:00,9.25
11/26/2018 16:56:00,8.75
11/27/2018 16:56:00,8.6
11/28/2018 16:56:00,9.12
11/29/2018 16:56:00,8.91
11/30/2018 16:56:00,9.52
12/3/2018 16:56:00,9.66
12/4/2018 16:56:00,9.53
12/5/2018 16:56:00,9.27
12/6/2018 16:56:00,9.63
12/7/2018 16:56:00,9.48
12/10/2018 16:56:00,9.08
12/11/2018 16:56:00,9.15
12/12/2018 16:56:00,9.35
12/13/2018 16:56:00,9.26
12/14/2018 16:56:00,9.44
12/17/2018 16:56:00,9.45
12/18/2018 16:56:00,9.35
12/19/2018 16:56:00,9.54
12/20/2018 16:56:00,9.05
12/21/2018 16:56:00,9.1
12/26/2018 16:56:00,8.88
12/27/2018 16:56:00,8.7
12/28/2018 16:56:00,8.89
1/2/2019 16:56:00,9.63
1/3/2019 16:56:00,9.4
1/4/2019 16:56:00,10.15
1/7/2019 16:56:00,10.06
1/8/2019 16:56:00,9.72
1/9/2019 16:56:00,10.13
1/10/2019 16:56:00,11.09
1/11/2019 16:56:00,10.71
1/14/2019 16:56:00,10.9
1/15/2019 16:56:00,10.5
1/16/2019 16:56:00,10.24
1/17/2019 16:56:00,10.48
1/18/2019 16:56:00,10.42
1/21/2019 16:56:00,10.65
1/22/2019 16:56:00,10.4
1/23/2019 16:56:00,10.21
1/24/2019 16:56:00,10.68
1/28/2019 16:56:00,10.89
1/29/2019 16:56:00,11.42
1/30/2019 16:56:00,11.59
1/31/2019 16:56:00,11.94
2/1/2019 16:56:00,12.03
2/4/2019 16:56:00,11.72
2/5/2019 16:56:00,11.18
2/6/2019 16:56:00,10.35
2/7/2019 16:56:00,10.7
2/8/2019 16:56:00,10.6
2/11/2019 16:56:00,11.06
2/12/2019 16:56:00,11.07
2/13/2019 16:56:00,10.98
2/14/2019 16:56:00,11.3
2/15/2019 16:56:00,10.96
2/18/2019 16:56:00,10.66
2/19/2019 16:56:00,10.82
2/20/2019 16:56:00,11.1
2/21/2019 16:56:00,10.9
2/22/2019 16:56:00,11.35
2/25/2019 16:56:00,10.9
2/26/2019 16:56:00,11.36
2/27/2019 16:56:00,11.13
2/28/2019 16:56:00,10.87
3/1/2019 16:56:00,10.8
3/6/2019 16:56:00,10.69
3/7/2019 16:56:00,10.67
3/8/2019 16:56:00,10.84
3/11/2019 16:56:00,11.12
3/12/2019 16:56:00,10.97
3/13/2019 16:56:00,10.79
3/14/2019 16:56:00,10.69
3/15/2019 16:56:00,10.53
3/18/2019 16:56:00,10.8
3/19/2019 16:56:00,11.12
3/20/2019 16:56:00,10.79
3/21/2019 16:56:00,10.36
3/22/2019 16:56:00,9.95
3/25/2019 16:56:00,9.6
3/26/2019 16:56:00,9.6
3/27/2019 16:56:00,9.34
3/28/2019 16:56:00,9.57
3/29/2019 16:56:00,9.49
4/1/2019 16:56:00,9.61
4/2/2019 16:56:00,9.14
4/3/2019 16:56:00,8.84
4/4/2019 16:56:00,9.35
4/5/2019 16:56:00,9.3
4/8/2019 16:56:00,9.21
4/9/2019 16:56:00,9.36
4/10/2019 16:56:00,9.72
4/11/2019 16:56:00,9.38
4/12/2019 16:56:00,9.25
4/15/2019 16:56:00,9.02
4/16/2019 16:56:00,9.03
4/17/2019 16:56:00,8.9
4/18/2019 16:56:00,8.25
4/22/2019 16:56:00,8.02
4/23/2019 16:56:00,8.35
4/24/2019 16:56:00,7.98
4/25/2019 16:56:00,7.93
4/26/2019 16:56:00,7.7
4/29/2019 16:56:00,7.92
4/30/2019 16:56:00,7.68
5/2/2019 16:56:00,7.49
5/3/2019 16:56:00,7.38
5/6/2019 16:56:00,7.59
5/7/2019 16:56:00,7.5
5/8/2019 16:56:00,7.82
5/9/2019 16:56:00,7.69
5/10/2019 16:56:00,7.54
5/13/2019 16:56:00,7.36
5/14/2019 16:56:00,7.39
5/15/2019 16:56:00,7.41
5/16/2019 16:56:00,7.15
5/17/2019 16:56:00,6.84
5/20/2019 16:56:00,6.95
5/21/2019 16:56:00,7.09
5/22/2019 16:56:00,7.3
5/23/2019 16:56:00,7.5
5/24/2019 16:56:00,7.58
5/27/2019 16:56:00,7.25
5/28/2019 16:56:00,7.06
5/29/2019 16:56:00,6.76
5/30/2019 16:56:00,6.76
5/31/2019 16:56:00,6.7
6/3/2019 16:56:00,6.73
6/4/2019 16:56:00,6.6
6/5/2019 16:56:00,6.66
6/6/2019 16:56:00,6.9
6/7/2019 16:56:00,6.7
6/10/2019 16:56:00,6.57
6/11/2019 16:56:00,6.6
6/12/2019 16:56:00,6.4
6/13/2019 16:56:00,6.66
6/14/2019 16:56:00,6.6
6/17/2019 16:56:00,6.62
6/18/2019 16:56:00,6.75
6/19/2019 16:56:00,6.85
6/21/2019 16:56:00,7.28
6/24/2019 16:56:00,7.17
6/25/2019 16:56:00,6.95
6/26/2019 16:56:00,6.94
6/27/2019 16:56:00,6.89
6/28/2019 16:56:00,6.72
7/1/2019 16:56:00,6.68
7/2/2019 16:56:00,6.55
7/3/2019 16:56:00,6.9
7/4/2019 16:56:00,7
7/5/2019 16:56:00,6.87
7/8/2019 16:56:00,7.01
7/10/2019 16:56:00,7.3
7/11/2019 16:56:00,7.46
7/12/2019 16:56:00,7.23
7/15/2019 16:56:00,7.04
7/16/2019 16:56:00,7.01
7/17/2019 16:56:00,6.95
7/18/2019 16:56:00,6.7
7/19/2019 16:56:00,6.68
7/22/2019 16:56:00,7
7/23/2019 16:56:00,6.75
7/24/2019 16:56:00,7.62
7/25/2019 16:56:00,7.51
7/26/2019 16:56:00,7.38
7/29/2019 16:56:00,7.3
7/30/2019 16:56:00,7.39
7/31/2019 16:56:00,7.24
8/1/2019 16:56:00,8.35
8/2/2019 16:56:00,7.99
8/5/2019 16:56:00,7.79
8/6/2019 16:56:00,7.93
8/7/2019 16:56:00,7.91
8/8/2019 16:56:00,7.67
8/9/2019 16:56:00,7.71
8/12/2019 16:56:00,7.52
8/13/2019 16:56:00,7.63
8/14/2019 16:56:00,7.51
8/15/2019 16:56:00,7.4
8/16/2019 16:56:00,7.33
8/19/2019 16:56:00,7.26
8/20/2019 16:56:00,7.59
8/21/2019 16:56:00,7.95
8/22/2019 16:56:00,7.62
8/23/2019 16:56:00,7.24
8/26/2019 16:56:00,7.3
8/27/2019 16:56:00,7.22
8/28/2019 16:56:00,7.26
8/29/2019 16:56:00,7.49
8/30/2019 16:56:00,7.75
9/2/2019 16:56:00,7.59
9/3/2019 16:56:00,7.7
9/4/2019 16:56:00,7.91
9/5/2019 16:56:00,7.75
9/6/2019 16:56:00,7.75
9/9/2019 16:56:00,7.49
9/10/2019 16:56:00,7.52
9/11/2019 16:56:00,7.7
9/12/2019 16:56:00,7.71
9/13/2019 16:56:00,7.64
9/16/2019 16:56:00,8.1
9/17/2019 16:56:00,8.22
9/18/2019 16:56:00,8.96
9/19/2019 16:56:00,8.5
9/20/2019 16:56:00,8.39
9/23/2019 16:56:00,8.61
9/24/2019 16:56:00,8.58
9/25/2019 16:56:00,8.37
9/26/2019 16:56:00,8.3
9/27/2019 16:56:00,7.93
9/30/2019 16:56:00,8
10/1/2019 16:56:00,7.86
10/2/2019 16:56:00,7.51
10/3/2019 16:56:00,7.82
10/4/2019 16:56:00,7.71
10/7/2019 16:56:00,7.64
10/8/2019 16:56:00,7.5
10/9/2019 16:56:00,7.65
10/10/2019 16:56:00,7.47
10/11/2019 16:56:00,7.75
10/14/2019 16:56:00,7.78
10/15/2019 16:56:00,7.58
10/16/2019 16:56:00,7.65
10/17/2019 16:56:00,7.6
10/18/2019 16:56:00,7.65
10/21/2019 16:56:00,7.7
10/22/2019 16:56:00,7.89
10/23/2019 16:56:00,7.83
10/24/2019 16:56:00,7.64
10/25/2019 16:56:00,7.89
10/28/2019 16:56:00,7.81
10/29/2019 16:56:00,7.94
10/30/2019 16:56:00,7.65
10/31/2019 16:56:00,7.56
11/1/2019 16:56:00,7.4
11/4/2019 16:56:00,7.52
11/5/2019 16:56:00,7.4
11/6/2019 16:56:00,7.36
11/7/2019 16:56:00,7.63
11/8/2019 16:56:00,7.74
11/11/2019 16:56:00,8.02
11/12/2019 16:56:00,7.95
11/13/2019 16:56:00,8.01
11/14/2019 16:56:00,7.89
11/18/2019 16:56:00,7.65
11/19/2019 16:56:00,7.65
11/21/2019 16:56:00,7.64
11/22/2019 16:56:00,7.53
11/25/2019 16:56:00,7.82
11/26/2019 16:56:00,7.58
11/27/2019 16:56:00,7.46
11/28/2019 16:56:00,7.74
11/29/2019 16:56:00,7.8
12/2/2019 16:56:00,7.77
12/3/2019 16:56:00,7.83
12/4/2019 16:56:00,7.68
12/5/2019 16:56:00,8.08
12/6/2019 16:56:00,8.07
12/9/2019 16:56:00,8.14
12/10/2019 16:56:00,8.1
12/11/2019 16:56:00,8.25
12/12/2019 16:56:00,8.4
12/13/2019 16:56:00,8.78
12/16/2019 16:56:00,8.33
12/17/2019 16:56:00,8.79
12/18/2019 16:56:00,8.74
12/19/2019 16:56:00,8.54
12/20/2019 16:56:00,8.47
12/23/2019 16:56:00,8.53
12/26/2019 16:56:00,8.7
12/27/2019 16:56:00,8.54
12/30/2019 16:56:00,8.37
1/2/2020 16:56:00,8.57
1/3/2020 17:50:00,8.46
1/6/2020 16:56:00,8.25
1/7/2020 16:56:00,8.01
1/8/2020 16:56:00,7.83
1/9/2020 16:56:00,7.35
1/10/2020 16:56:00,7.4
1/13/2020 16:56:00,7.43
1/14/2020 16:56:00,7.49
1/15/2020 16:56:00,7.27
1/16/2020 16:56:00,7.3
1/17/2020 16:56:00,7.23
1/20/2020 16:56:00,7.05
1/21/2020 16:56:00,6.9
1/22/2020 16:56:00,7.16
1/23/2020 16:56:00,7.12
1/24/2020 16:56:00,7
1/27/2020 16:56:00,7
1/28/2020 16:56:00,7.25
1/29/2020 16:56:00,6.96
1/30/2020 16:56:00,7.09
1/31/2020 16:56:00,7.07
2/3/2020 16:56:00,7.16
2/4/2020 16:56:00,6.96
2/5/2020 16:56:00,7.04
2/6/2020 16:56:00,7.37
2/7/2020 16:56:00,7.36
2/10/2020 16:56:00,7.24
2/11/2020 16:56:00,7.13
2/12/2020 16:56:00,7.32
2/13/2020 16:56:00,7.2
2/14/2020 16:56:00,7.29
2/17/2020 16:56:00,7.24
2/18/2020 16:56:00,7.4
2/19/2020 16:56:00,7.45
2/20/2020 16:56:00,7.2
2/21/2020 16:56:00,7.05
2/26/2020 16:56:00,6.86
2/27/2020 16:56:00,6.49
2/28/2020 16:56:00,6.85
3/2/2020 16:56:00,7.08
3/3/2020 16:56:00,7.2
3/4/2020 16:56:00,7.37
3/5/2020 16:56:00,6.88
3/6/2020 16:56:00,6.56
3/9/2020 16:56:00,6.02
3/10/2020 16:56:00,6.34
3/11/2020 16:56:00,5.95
3/12/2020 16:56:00,4.69
3/13/2020 16:56:00,5.67
3/16/2020 16:56:00,5
3/17/2020 16:56:00,5.46
3/18/2020 16:56:00,5.09
3/19/2020 16:56:00,4.65
3/20/2020 16:56:00,4.43
3/23/2020 16:56:00,4.14
3/24/2020 16:56:00,4.05
3/25/2020 16:56:00,5
3/26/2020 16:56:00,5
3/27/2020 16:56:00,4.61
3/30/2020 16:56:00,4.76
3/31/2020 16:56:00,4.44
4/1/2020 16:56:00,4.28
4/2/2020 16:56:00,4.23
4/3/2020 16:56:00,3.98
4/6/2020 16:56:00,4.05
4/7/2020 16:56:00,4.11
4/8/2020 16:56:00,5.02
4/9/2020 16:56:00,4.83
4/13/2020 16:56:00,4.95
4/14/2020 16:56:00,4.83
4/15/2020 16:56:00,4.81
4/16/2020 16:56:00,4.62
4/17/2020 16:56:00,4.53
4/20/2020 16:56:00,4.4
4/22/2020 16:56:00,4.41
4/23/2020 16:56:00,4.26
4/24/2020 16:56:00,4.08
4/27/2020 16:56:00,4.11
4/28/2020 16:56:00,4.18
4/29/2020 16:56:00,4.23
4/30/2020 16:56:00,4.06
5/4/2020 16:56:00,3.94
5/5/2020 16:56:00,3.91
5/6/2020 16:56:00,3.81
5/7/2020 16:56:00,3.6
5/8/2020 16:56:00,3.76
5/11/2020 16:56:00,3.64
5/12/2020 16:56:00,3.54
5/13/2020 16:56:00,3.33
5/14/2020 16:56:00,3.55
5/15/2020 16:56:00,3.47
5/18/2020 16:56:00,3.7
5/19/2020 16:56:00,3.6
5/20/2020 16:56:00,3.56
5/21/2020 16:56:00,3.48
5/22/2020 16:56:00,3.41
5/25/2020 16:56:00,3.68
5/26/2020 16:56:00,3.81
5/27/2020 16:56:00,4
5/28/2020 16:56:00,4.05
5/29/2020 16:56:00,4.09
6/1/2020 16:56:00,4.17
6/2/2020 16:56:00,4.4
6/3/2020 16:56:00,4.54
6/4/2020 16:56:00,4.38
6/5/2020 16:56:00,4.5
6/8/2020 16:56:00,4.64
6/9/2020 16:56:00,4.84
6/10/2020 16:56:00,4.56
6/12/2020 16:56:00,4.21
6/15/2020 16:56:00,4.8
6/16/2020 16:56:00,4.96
6/17/2020 16:56:00,5.18
6/18/2020 16:56:00,5.63
6/19/2020 16:56:00,5.7
6/22/2020 16:56:00,5.51
6/23/2020 16:56:00,5.4
6/24/2020 16:56:00,4.7
6/25/2020 16:56:00,4.87
6/26/2020 16:56:00,4.63
6/29/2020 16:56:00,4.62
6/30/2020 16:56:00,4.62
7/1/2020 16:56:00,4.87
7/2/2020 16:56:00,4.85
7/3/2020 16:56:00,4.8
7/6/2020 16:56:00,4.83
7/7/2020 16:56:00,4.75
7/8/2020 16:56:00,5
7/10/2020 16:56:00,4.91
7/13/2020 16:56:00,4.98
7/14/2020 16:56:00,4.9
7/15/2020 16:56:00,4.9
7/16/2020 16:56:00,4.82
7/17/2020 16:56:00,5.26
7/20/2020 16:56:00,5.24
7/21/2020 16:56:00,5.33
7/22/2020 16:56:00,5.52
7/23/2020 16:56:00,5.22
7/24/2020 16:56:00,5.27
7/27/2020 16:56:00,5.24
7/28/2020 16:56:00,5.12
7/29/2020 16:56:00,4.94
7/30/2020 16:56:00,4.84
7/31/2020 16:56:00,5.37
8/3/2020 16:56:00,5.4
8/4/2020 16:56:00,5.13
8/5/2020 16:56:00,5.06
8/6/2020 16:56:00,5.6
8/7/2020 16:56:00,5.25
8/10/2020 16:56:00,5.15
8/11/2020 16:56:00,5.06
8/12/2020 16:56:00,5.03
8/13/2020 16:56:00,4.99
8/14/2020 16:56:00,4.95
8/17/2020 16:56:00,4.8
8/18/2020 16:56:00,4.84
8/19/2020 16:56:00,4.9
8/20/2020 16:56:00,4.88
8/21/2020 16:56:00,4.94
8/24/2020 16:56:00,5.03
8/25/2020 16:56:00,4.86
8/26/2020 16:56:00,4.74
8/27/2020 16:56:00,4.65
8/28/2020 16:56:00,4.66
8/31/2020 16:56:00,4.56
9/1/2020 16:56:00,4.55
9/2/2020 16:56:00,4.68
9/3/2020 16:56:00,4.56
9/4/2020 16:56:00,4.68
9/8/2020 16:56:00,4.7
9/9/2020 16:56:00,4.69
9/10/2020 16:56:00,4.64
9/11/2020 16:56:00,4.44
9/14/2020 16:56:00,4.75
9/15/2020 16:56:00,4.6
9/16/2020 16:56:00,4.58
9/17/2020 16:56:00,4.56
9/18/2020 16:56:00,4.26
9/21/2020 16:56:00,4.15
9/22/2020 16:56:00,4.25
9/23/2020 16:56:00,4.13
9/24/2020 16:56:00,4.17
9/25/2020 16:56:00,4.15
9/28/2020 16:56:00,4.07
9/29/2020 16:56:00,3.97
9/30/2020 16:56:00,3.93
10/1/2020 16:56:00,3.97
10/2/2020 16:56:00,3.93
10/5/2020 16:56:00,3.91
10/6/2020 16:56:00,3.9
10/7/2020 16:56:00,3.7
10/8/2020 16:56:00,3.8
10/9/2020 16:56:00,3.71
10/13/2020 16:56:00,3.7
10/14/2020 16:56:00,3.67
10/15/2020 16:56:00,3.65
10/16/2020 16:56:00,3.56
10/19/2020 16:56:00,3.8
10/20/2020 16:56:00,3.84
10/21/2020 16:56:00,3.77
10/22/2020 16:56:00,3.77
10/23/2020 16:56:00,3.75
10/26/2020 16:56:00,3.88
10/27/2020 16:56:00,3.86
10/28/2020 16:56:00,3.41
10/29/2020 16:56:00,3.42
10/30/2020 16:56:00,3.37
11/3/2020 16:56:00,3.3
11/4/2020 16:56:00,3.33
11/5/2020 16:56:00,3.62
11/6/2020 16:56:00,3.72
11/9/2020 16:56:00,3.7
11/10/2020 16:56:00,3.75
11/11/2020 16:56:00,3.8
11/12/2020 16:56:00,3.69
11/13/2020 16:56:00,3.7
11/16/2020 16:56:00,3.77
11/17/2020 16:56:00,3.73
11/18/2020 16:56:00,3.76
11/19/2020 16:56:00,3.77
11/20/2020 16:56:00,3.9
11/23/2020 16:56:00,3.77
11/24/2020 16:56:00,3.76
11/25/2020 16:56:00,3.74
11/26/2020 16:56:00,3.86
11/27/2020 16:56:00,3.76
11/30/2020 16:56:00,3.55
12/1/2020 16:56:00,3.6
12/2/2020 16:56:00,3.58
12/3/2020 16:56:00,3.78
12/4/2020 16:56:00,3.77
12/7/2020 16:56:00,3.78
12/8/2020 16:56:00,3.78
12/9/2020 16:56:00,3.69
12/10/2020 16:56:00,3.84
12/11/2020 16:56:00,3.88
12/14/2020 16:56:00,3.77
12/15/2020 16:56:00,3.77
12/16/2020 16:56:00,3.8
12/17/2020 16:56:00,3.85
12/18/2020 16:56:00,3.75
12/21/2020 16:56:00,3.59
12/22/2020 16:56:00,3.49
12/23/2020 16:56:00,3.53
12/28/2020 16:56:00,3.81
12/29/2020 16:56:00,3.83
12/30/2020 16:56:00,4
1/4/2021 16:56:00,3.9
1/5/2021 16:56:00,3.81
1/6/2021 16:56:00,3.72
1/7/2021 16:56:00,3.75
1/8/2021 16:56:00,3.83
1/11/2021 16:56:00,3.72
1/12/2021 19:30:00,3.82
1/13/2021 16:56:00,3.88
1/14/2021 16:56:00,3.93
1/15/2021 16:56:00,3.82
1/18/2021 16:56:00,3.81
1/19/2021 16:56:00,3.77
1/20/2021 16:56:00,3.75
1/21/2021 16:56:00,3.66
1/22/2021 16:56:00,3.61
1/26/2021 16:56:00,3.67
1/27/2021 16:56:00,4.16
1/28/2021 16:56:00,4.13
1/29/2021 16:56:00,4.11
2/1/2021 16:56:00,4.2
2/2/2021 16:56:00,4.22
2/3/2021 16:56:00,4.2
2/4/2021 16:56:00,4.13
2/5/2021 16:56:00,4.19
2/8/2021 16:56:00,4.06
2/9/2021 16:56:00,4.06
2/10/2021 16:56:00,3.91
2/11/2021 16:56:00,3.92
2/12/2021 16:56:00,3.66
2/17/2021 16:56:00,3.68
2/18/2021 16:56:00,3.59
2/19/2021 16:56:00,3.57
2/22/2021 16:56:00,3.74
2/23/2021 16:56:00,3.81
2/24/2021 16:56:00,3.86
2/25/2021 16:56:00,3.63
2/26/2021 16:56:00,3.6
3/1/2021 16:56:00,3.38
3/2/2021 16:56:00,3.36
3/3/2021 16:56:00,3.4
3/4/2021 16:56:00,3.46
3/5/2021 16:56:00,3.57
3/8/2021 16:56:00,3.36
3/9/2021 16:56:00,3.31
3/10/2021 16:56:00,3.41
3/11/2021 16:56:00,3.48
3/12/2021 19:30:00,3.5
3/15/2021 16:56:00,3.48
3/16/2021 16:56:00,3.46
3/17/2021 16:56:00,3.66
3/18/2021 16:56:00,3.54
3/19/2021 16:56:00,3.67
3/22/2021 16:56:00,3.69
3/23/2021 16:56:00,3.65
3/24/2021 16:56:00,3.6
3/25/2021 16:56:00,3.63
3/26/2021 16:56:00,3.61
3/29/2021 16:56:00,3.56
3/30/2021 16:56:00,3.58
3/31/2021 16:56:00,3.72
4/1/2021 16:56:00,3.62
4/5/2021 16:56:00,3.7
4/6/2021 16:56:00,3.68
4/7/2021 16:56:00,3.69
4/8/2021 16:56:00,3.83
4/9/2021 16:56:00,3.81
4/12/2021 19:30:00,3.83
4/13/2021 16:56:00,3.75
4/14/2021 16:56:00,3.69
4/15/2021 16:56:00,3.68
4/16/2021 16:56:00,3.68
4/19/2021 16:56:00,3.68
4/20/2021 16:56:00,3.65
4/22/2021 16:56:00,3.87
4/23/2021 16:56:00,3.75
4/26/2021 16:56:00,3.78
4/27/2021 16:56:00,3.65
4/28/2021 16:56:00,3.53
4/29/2021 16:56:00,3.51
4/30/2021 16:56:00,3.45
5/3/2021 16:56:00,3.42
5/4/2021 16:56:00,3.4
5/5/2021 16:56:00,3.47
5/6/2021 16:56:00,3.49
5/7/2021 16:56:00,3.51
5/10/2021 16:56:00,3.49
5/11/2021 16:56:00,3.48
5/12/2021 16:56:00,3.49
5/13/2021 16:56:00,3.59
5/14/2021 16:56:00,3.61
5/17/2021 16:56:00,3.68
5/18/2021 16:56:00,3.84
5/19/2021 16:56:00,3.9
5/20/2021 16:56:00,3.93
5/21/2021 16:56:00,3.82
5/24/2021 16:56:00,3.8
5/25/2021 16:56:00,4.09
5/26/2021 16:56:00,4.17
5/27/2021 16:56:00,4.24
5/28/2021 16:56:00,4.18
5/31/2021 16:56:00,4.21
6/1/2021 16:56:00,4.38
6/2/2021 16:56:00,4.32
6/4/2021 16:56:00,4.29
6/7/2021 16:56:00,4.3
6/8/2021 16:56:00,4.19
6/9/2021 16:56:00,4.09
6/10/2021 16:56:00,4.1
6/11/2021 16:56:00,3.96
6/14/2021 16:56:00,4.01
6/15/2021 16:56:00,3.95
6/16/2021 16:56:00,3.94
6/17/2021 16:56:00,3.88
6/18/2021 16:56:00,3.93
6/21/2021 16:56:00,3.88
6/22/2021 16:56:00,3.76
6/23/2021 16:56:00,3.73
6/24/2021 16:56:00,3.74
6/25/2021 16:56:00,3.67
6/28/2021 16:56:00,3.62
6/29/2021 16:56:00,3.64
6/30/2021 16:56:00,3.64
7/1/2021 16:56:00,3.61
7/2/2021 16:56:00,3.63
7/5/2021 16:56:00,3.65
7/6/2021 16:56:00,3.59
7/7/2021 16:56:00,3.59
7/8/2021 16:56:00,3.53
7/12/2021 19:30:00,3.55
7/13/2021 16:56:00,3.6
7/14/2021 16:56:00,3.61
7/15/2021 16:56:00,3.54
7/16/2021 16:56:00,3.52
7/19/2021 16:56:00,3.49
7/20/2021 16:56:00,3.48
7/21/2021 16:56:00,3.44
7/22/2021 16:56:00,3.44
7/23/2021 16:56:00,3.43
7/26/2021 16:56:00,3.42
7/27/2021 16:56:00,3.39
7/28/2021 16:56:00,3.41
7/29/2021 16:56:00,3.37
7/30/2021 16:56:00,3.38
8/2/2021 16:56:00,3.47
8/3/2021 16:56:00,3.45
8/4/2021 16:56:00,3.41
8/5/2021 16:56:00,3.38
8/6/2021 16:56:00,3.4
8/9/2021 16:56:00,3.38
8/10/2021 16:56:00,3.34
8/11/2021 16:56:00,3.32
8/12/2021 19:30:00,3.25
8/13/2021 16:56:00,3.16
8/16/2021 16:56:00,3
8/17/2021 16:56:00,2.85
8/18/2021 16:56:00,2.86
8/19/2021 16:56:00,2.89
8/20/2021 16:56:00,2.9
8/23/2021 16:56:00,2.83
8/24/2021 16:56:00,2.93
8/25/2021 16:56:00,2.99
8/26/2021 16:56:00,2.9
8/27/2021 16:56:00,2.88
8/30/2021 16:56:00,2.86
8/31/2021 16:56:00,2.87
9/1/2021 16:56:00,2.78
9/2/2021 16:56:00,2.6
9/3/2021 16:56:00,2.59
9/6/2021 16:56:00,2.63
9/8/2021 16:56:00,2.49
9/9/2021 16:56:00,2.49
9/10/2021 16:56:00,2.45
9/13/2021 16:56:00,2.51
9/14/2021 16:56:00,2.44
9/15/2021 16:56:00,2.39
9/16/2021 16:56:00,2.52
9/17/2021 16:56:00,2.46
9/20/2021 16:56:00,2.33
9/21/2021 16:56:00,2.31
9/22/2021 16:56:00,2.49
9/23/2021 16:56:00,2.45
9/24/2021 16:56:00,2.42
9/27/2021 16:56:00,2.41
9/28/2021 16:56:00,2.29
9/29/2021 16:56:00,2.4
9/30/2021 16:56:00,2.29
10/1/2021 16:56:00,2.37
10/4/2021 16:56:00,2.29
10/5/2021 16:56:00,2.32
10/6/2021 16:56:00,2.34
10/7/2021 16:56:00,2.31
10/8/2021 16:56:00,2.64
10/11/2021 16:56:00,2.51
10/13/2021 16:56:00,2.51
10/14/2021 16:56:00,2.48
10/15/2021 16:56:00,2.62
10/18/2021 16:56:00,2.61
10/19/2021 16:56:00,2.37
10/20/2021 16:56:00,2.41
10/21/2021 16:56:00,2.34
10/22/2021 16:56:00,2.36
10/25/2021 16:56:00,2.47
10/26/2021 16:56:00,2.3
10/27/2021 16:56:00,2.36
10/28/2021 16:56:00,2.25
10/29/2021 16:56:00,2.19
11/1/2021 16:56:00,2.24
11/3/2021 16:56:00,2.32
11/4/2021 16:56:00,2.35
11/5/2021 16:56:00,2.29
11/8/2021 16:56:00,2.39
11/9/2021 16:56:00,2.47
11/10/2021 16:56:00,2.41
11/11/2021 16:56:00,2.45
11/12/2021 19:30:00,2.38
11/16/2021 16:56:00,2.31
11/17/2021 16:56:00,2.23
11/18/2021 16:56:00,2.17
11/19/2021 19:30:00,2.2
11/22/2021 19:30:00,2.12
11/23/2021 19:30:00,2.13
11/24/2021 19:30:00,2.17
11/25/2021 19:30:00,2.17
11/26/2021 19:30:00,2.08
11/29/2021 19:30:00,2.07
11/30/2021 18:00:00,2.07
12/1/2021 16:56:00,2.01
12/2/2021 16:56:00,2.14
12/3/2021 16:56:00,2.2
12/6/2021 16:56:00,2.27
12/7/2021 16:56:00,2.25
12/8/2021 16:56:00,2.31
12/9/2021 16:56:00,2.24
12/10/2021 16:56:00,2.34
12/13/2021 18:00:00,2.3
12/14/2021 18:00:00,2.25
12/15/2021 18:00:00,2.33
12/16/2021 18:00:00,2.23
12/17/2021 18:00:00,2.25
12/20/2021 18:00:00,2.15
12/21/2021 18:00:00,2.14
12/22/2021 18:00:00,2.11
12/23/2021 18:00:00,2.12
12/27/2021 18:00:00,2.18
12/28/2021 18:00:00,2.27
12/29/2021 18:00:00,2.23
12/30/2021 18:00:00,2.28
1/3/2022 16:56:00,2.19
1/4/2022 16:56:00,2.12
1/5/2022 16:56:00,2.11
1/6/2022 16:56:00,2.06
1/7/2022 16:56:00,2.05
1/10/2022 16:56:00,2.01
1/11/2022 16:56:00,2.08
1/12/2022 16:56:00,2.03
1/13/2022 16:56:00,2.02
1/14/2022 16:56:00,2.02
1/17/2022 16:56:00,2.12
1/18/2022 16:56:00,2.05
1/19/2022 16:56:00,2.08
1/20/2022 16:56:00,2.14
1/21/2022 16:56:00,2.07
1/24/2022 16:56:00,2.05
1/25/2022 16:56:00,2.18
1/26/2022 16:56:00,2.19
1/27/2022 16:56:00,2.15
1/28/2022 16:56:00,2.28
1/31/2022 16:56:00,2.3
2/1/2022 16:56:00,2.3
2/2/2022 16:56:00,2.33
2/3/2022 16:56:00,2.19
2/4/2022 16:56:00,2.33
2/7/2022 16:56:00,2.34
2/8/2022 16:56:00,2.32
2/9/2022 16:56:00,2.31
2/10/2022 16:56:00,2.38
2/11/2022 16:56:00,2.32
2/14/2022 16:56:00,2.38
2/15/2022 16:56:00,2.37
2/16/2022 16:56:00,2.49
2/17/2022 16:56:00,2.52
2/18/2022 16:56:00,2.83
2/21/2022 16:56:00,2.66
2/22/2022 16:56:00,2.61
2/23/2022 16:56:00,2.6
2/24/2022 16:56:00,2.65
2/25/2022 16:56:00,2.57
3/2/2022 16:56:00,2.47
3/3/2022 16:56:00,2.6
3/4/2022 16:56:00,2.47
3/7/2022 16:56:00,2.29
3/8/2022 16:56:00,2.43
3/9/2022 16:56:00,2.52
3/10/2022 16:56:00,2.51
3/11/2022 16:56:00,2.49
3/14/2022 16:56:00,2.44
3/15/2022 16:56:00,2.57
3/16/2022 16:56:00,2.49
3/17/2022 16:56:00,2.5
3/18/2022 16:56:00,2.68
3/21/2022 16:56:00,2.7
3/22/2022 16:56:00,2.69
3/23/2022 16:56:00,2.71
3/24/2022 16:56:00,2.83
3/25/2022 16:56:00,2.89
3/28/2022 16:56:00,2.86
3/29/2022 16:56:00,2.93
3/30/2022 16:56:00,2.98
3/31/2022 16:56:00,3.11
4/1/2022 16:56:00,3.36
4/4/2022 16:56:00,3.35
4/5/2022 16:56:00,3.25
4/6/2022 16:56:00,3.24
4/7/2022 16:56:00,3.3
4/8/2022 16:56:00,3.42
4/11/2022 16:56:00,3.47
4/12/2022 16:56:00,3.61
4/13/2022 16:56:00,3.59
4/14/2022 16:56:00,3.58
4/18/2022 16:56:00,3.65
4/19/2022 16:56:00,3.57
4/20/2022 16:56:00,3.52
4/22/2022 16:56:00,3.44
4/25/2022 16:56:00,3.51
4/26/2022 16:56:00,3.38
4/27/2022 16:56:00,3.44
4/28/2022 16:56:00,3.61
4/29/2022 16:56:00,3.4
5/2/2022 16:56:00,3.32
5/3/2022 16:56:00,3.42
5/4/2022 16:56:00,3.42
5/5/2022 16:56:00,3.12
5/6/2022 16:56:00,3.11
5/9/2022 16:56:00,3.08
5/10/2022 16:56:00,3.11
5/11/2022 16:56:00,3.06
5/12/2022 16:56:00,3.18
5/13/2022 16:56:00,3.25
5/16/2022 16:56:00,3.32
5/17/2022 16:56:00,3.38
5/18/2022 16:56:00,3.38
5/19/2022 16:56:00,3.45
5/20/2022 16:56:00,3.55
5/23/2022 16:56:00,3.64
5/24/2022 16:56:00,3.65
5/25/2022 16:56:00,3.63
5/26/2022 16:56:00,4.04
5/27/2022 16:56:00,3.99
5/30/2022 16:56:00,3.93
5/31/2022 16:56:00,3.95
6/1/2022 16:56:00,3.98
6/2/2022 16:56:00,3.95
6/3/2022 16:56:00,3.95
6/6/2022 16:56:00,3.97
6/7/2022 16:56:00,3.8
6/8/2022 16:56:00,3.77
6/9/2022 16:56:00,3.76
6/10/2022 16:56:00,3.78
6/13/2022 16:56:00,3.83
6/14/2022 16:56:00,3.78
6/15/2022 16:56:00,3.94
6/17/2022 16:56:00,3.85
6/20/2022 16:56:00,3.8
6/21/2022 16:56:00,3.9
6/22/2022 16:56:00,3.94
6/23/2022 16:56:00,3.95
6/24/2022 16:56:00,3.86
6/27/2022 16:56:00,3.86
6/28/2022 16:56:00,3.85
6/29/2022 16:56:00,3.78
6/30/2022 16:56:00,3.75
7/1/2022 16:56:00,3.93
7/4/2022 16:56:00,3.87
7/5/2022 16:56:00,3.85
7/6/2022 16:56:00,3.81
7/7/2022 16:56:00,3.9
7/8/2022 16:56:00,4.1
7/11/2022 16:56:00,3.95
7/12/2022 16:56:00,3.98
7/13/2022 16:56:00,3.88
7/14/2022 16:56:00,4.13
7/15/2022 16:56:00,4.06
7/18/2022 16:56:00,4.18
7/19/2022 16:56:00,4.15
7/20/2022 16:56:00,4.1
7/21/2022 16:56:00,4.12
7/22/2022 16:56:00,4.08
7/25/2022 16:56:00,4.1
7/26/2022 16:56:00,4.14
7/27/2022 16:56:00,4.3
7/28/2022 16:56:00,4.28
7/29/2022 16:56:00,4.43
8/1/2022 16:56:00,4.35
8/2/2022 16:56:00,4.42
8/3/2022 16:56:00,4.85
8/4/2022 16:56:00,4.95
8/5/2022 16:56:00,4.95
8/8/2022 16:56:00,5.06
8/9/2022 16:56:00,5.14
8/10/2022 16:56:00,5.22
8/11/2022 16:56:00,5.11
8/12/2022 16:56:00,5.27
8/15/2022 16:56:00,5.19
8/16/2022 16:56:00,5.22
8/17/2022 16:56:00,5.42
8/18/2022 16:56:00,5.59
8/19/2022 16:56:00,5.47
8/22/2022 16:56:00,5.58
8/23/2022 16:56:00,5.52
8/24/2022 16:56:00,5.79
8/25/2022 16:56:00,5.79
8/26/2022 16:56:00,5.92
8/29/2022 16:56:00,5.81
8/30/2022 16:56:00,5.63
8/31/2022 16:56:00,5.5
9/1/2022 16:56:00,5.43
9/2/2022 16:56:00,5.33
9/5/2022 16:56:00,5.41
9/6/2022 16:56:00,5.12
9/8/2022 16:56:00,5.17
9/9/2022 16:56:00,5.26
9/12/2022 16:56:00,5.27
9/13/2022 16:56:00,5.18
9/14/2022 16:56:00,5.24
9/15/2022 16:56:00,5.33
9/16/2022 16:56:00,5.34
9/19/2022 16:56:00,5.29
9/20/2022 16:56:00,5.26
9/21/2022 16:56:00,5.09
9/22/2022 16:56:00,5.18
9/23/2022 16:56:00,5.18
9/26/2022 16:56:00,5.16
9/27/2022 16:56:00,5.25
9/28/2022 16:56:00,5.4
9/29/2022 16:56:00,5.31
9/30/2022 16:56:00,5.4
10/3/2022 16:56:00,5.8
10/4/2022 16:56:00,5.55
10/5/2022 16:56:00,5.42
10/6/2022 16:56:00,5.45
10/7/2022 16:56:00,5.6
10/10/2022 16:56:00,5.67
10/11/2022 16:56:00,5.77
10/13/2022 16:56:00,5.84
10/14/2022 16:56:00,5.75
10/17/2022 16:56:00,5.74
10/18/2022 16:56:00,6.01
10/19/2022 16:56:00,5.96
10/20/2022 16:56:00,5.9
10/21/2022 16:56:00,5.8
10/24/2022 16:56:00,5.75
10/25/2022 16:56:00,5.62
10/26/2022 16:56:00,5.4
10/27/2022 16:56:00,5.57
10/28/2022 16:56:00,5.64
10/31/2022 16:56:00,5.95
11/1/2022 16:56:00,5.49
11/3/2022 16:56:00,5.56
11/4/2022 16:56:00,5.64
11/7/2022 16:56:00,5.56
11/8/2022 16:56:00,5.48
11/9/2022 16:56:00,5.43
11/10/2022 16:56:00,5.12
11/11/2022 16:56:00,5.11
11/14/2022 16:56:00,5.11
11/16/2022 16:56:00,5.05
11/17/2022 16:56:00,5.03
11/18/2022 16:56:00,5.07
11/21/2022 16:56:00,5.24
11/22/2022 16:56:00,5.13
11/23/2022 16:56:00,4.78
11/24/2022 16:56:00,4.99
11/25/2022 16:56:00,4.78
11/28/2022 16:56:00,4.76
11/29/2022 16:56:00,4.79
11/30/2022 16:56:00,4.79
12/1/2022 16:56:00,4.6
12/2/2022 16:56:00,4.68
12/5/2022 16:56:00,4.39
12/6/2022 16:56:00,4.38
12/7/2022 16:56:00,4.4
12/8/2022 16:56:00,4.35
12/9/2022 16:56:00,4.35
12/12/2022 16:56:00,4.44
12/13/2022 16:56:00,4.31
12/14/2022 16:56:00,4.58
12/15/2022 16:56:00,4.74
12/16/2022 16:56:00,4.58
12/19/2022 16:56:00,4.73
12/20/2022 16:56:00,4.87
12/21/2022 16:56:00,4.97
12/22/2022 16:56:00,5.07
12/23/2022 16:56:00,5.18
12/26/2022 16:56:00,5.13
12/27/2022 16:56:00,5.08
12/28/2022 16:56:00,5.21
12/29/2022 16:56:00,5.24
1/2/2023 16:56:00,5.1
1/3/2023 16:56:00,4.88
1/4/2023 16:56:00,4.88
1/5/2023 16:56:00,4.89
1/6/2023 16:56:00,4.96
1/9/2023 16:56:00,4.98
1/10/2023 16:56:00,5.04
1/11/2023 16:56:00,5.11
1/12/2023 16:56:00,4.96
1/13/2023 16:56:00,4.81
1/16/2023 16:56:00,4.79
1/17/2023 16:56:00,4.9
1/18/2023 16:56:00,4.99
1/19/2023 16:56:00,4.86
1/20/2023 16:56:00,4.86
1/23/2023 16:56:00,5
1/24/2023 16:56:00,5.17
1/25/2023 16:56:00,5.26
1/26/2023 16:56:00,5.29
1/27/2023 16:56:00,5.23
1/30/2023 16:56:00,4.98
1/31/2023 16:56:00,5.01
2/1/2023 16:56:00,4.86
2/2/2023 16:56:00,5.01
2/3/2023 16:56:00,4.94
2/6/2023 16:56:00,5.11
2/7/2023 16:56:00,5.05
2/8/2023 16:56:00,5.23
2/9/2023 16:56:00,5.17
2/10/2023 16:56:00,5.35
2/13/2023 16:56:00,5.35
2/14/2023 16:56:00,5.23
2/15/2023 16:56:00,5.36
2/16/2023 16:56:00,5.34
2/17/2023 16:56:00,5.2
2/22/2023 16:56:00,5.01
2/23/2023 16:56:00,4.91
2/24/2023 16:56:00,4.85
2/27/2023 16:56:00,4.79
2/28/2023 16:56:00,4.8
3/1/2023 16:56:00,4.75
3/2/2023 16:56:00,4.78
3/3/2023 16:56:00,4.93
3/6/2023 16:56:00,4.98
3/7/2023 16:56:00,5
3/8/2023 16:56:00,5.26
3/9/2023 16:56:00,5.23
3/10/2023 16:56:00,5.1
3/13/2023 16:56:00,5.09
3/14/2023 16:56:00,5.14
3/15/2023 16:56:00,5.1
3/16/2023 16:56:00,5.12
3/17/2023 16:56:00,4.89
3/20/2023 16:56:00,4.95
3/21/2023 16:56:00,4.99
3/22/2023 16:56:00,5.01
3/23/2023 16:56:00,4.91
3/24/2023 16:56:00,5.06
3/27/2023 16:56:00,4.97
3/28/2023 16:56:00,5.07
3/29/2023 16:56:00,5.02
3/30/2023 16:56:00,5
3/31/2023 16:56:00,4.9
4/3/2023 16:56:00,4.67
4/4/2023 16:56:00,4.71
4/5/2023 16:56:00,4.7
4/6/2023 16:56:00,4.68
4/10/2023 16:56:00,4.68
4/11/2023 16:56:00,4.89
4/12/2023 16:56:00,4.93
4/13/2023 16:56:00,4.94
4/14/2023 16:56:00,5.08
4/17/2023 16:56:00,5.11
4/18/2023 16:56:00,5.25
4/19/2023 16:56:00,5
4/20/2023 16:56:00,5.1
4/24/2023 16:56:00,5.09
4/25/2023 16:56:00,5.07
4/26/2023 16:56:00,5.16
4/27/2023 16:56:00,5.26
4/28/2023 16:56:00,5.46
5/2/2023 16:56:00,5.43
5/3/2023 16:56:00,5.44
5/4/2023 16:56:00,5.68
5/5/2023 16:56:00,5.62
5/8/2023 16:56:00,5.63
5/9/2023 16:56:00,5.71
5/10/2023 16:56:00,5.51
5/11/2023 16:56:00,5.58
5/12/2023 16:56:00,5.58
5/15/2023 16:56:00,5.59
5/16/2023 16:56:00,5.46
5/17/2023 16:56:00,5.52
5/18/2023 16:56:00,5.53
5/19/2023 16:56:00,5.39
5/22/2023 16:56:00,5.19
5/23/2023 16:56:00,5.2
5/24/2023 16:56:00,4.98
5/25/2023 16:56:00,5.01
5/26/2023 16:56:00,4.85
5/29/2023 16:56:00,4.8
5/30/2023 16:56:00,4.77
5/31/2023 16:56:00,4.67
6/1/2023 16:56:00,4.64
6/2/2023 16:56:00,4.71
6/5/2023 16:56:00,4.72
6/6/2023 16:56:00,4.6
6/7/2023 16:56:00,4.65
6/9/2023 16:56:00,4.69
6/12/2023 16:56:00,4.73
6/13/2023 16:56:00,4.69
6/14/2023 16:56:00,4.58
6/15/2023 16:56:00,4.54
6/16/2023 16:56:00,4.52
6/19/2023 16:56:00,4.61
6/20/2023 16:56:00,4.71
6/21/2023 16:56:00,4.69
6/22/2023 16:56:00,4.63
6/23/2023 16:56:00,4.63
6/26/2023 16:56:00,4.7
6/27/2023 16:56:00,4.64
6/28/2023 16:56:00,4.53
6/29/2023 16:56:00,4.65
6/30/2023 16:56:00,4.59
7/3/2023 16:56:00,4.51
7/4/2023 16:56:00,4.44
7/5/2023 16:56:00,4.5
7/6/2023 16:56:00,4.43
7/7/2023 16:56:00,4.65
7/10/2023 16:56:00,4.6
7/11/2023 16:56:00,4.57
7/12/2023 16:56:00,4.52
7/13/2023 16:56:00,4.52
7/14/2023 16:56:00,4.5
7/17/2023 16:56:00,4.53
7/18/2023 16:56:00,4.65
7/19/2023 16:56:00,4.77
7/20/2023 16:56:00,4.84
7/21/2023 16:56:00,4.95
7/24/2023 16:56:00,4.9
7/25/2023 16:56:00,4.82
7/26/2023 16:56:00,4.8
7/27/2023 16:56:00,4.68
7/28/2023 16:56:00,4.61
7/31/2023 16:56:00,4.72
8/1/2023 16:56:00,4.7
8/2/2023 16:56:00,4.27
8/3/2023 16:56:00,4.31
8/4/2023 16:56:00,4.17
8/7/2023 16:56:00,4.17
8/8/2023 16:56:00,4.07
8/9/2023 16:56:00,4.06
8/10/2023 16:56:00,3.94
8/11/2023 16:56:00,3.93
8/14/2023 16:56:00,3.77
8/15/2023 16:56:00,3.67
8/16/2023 16:56:00,3.74
8/17/2023 16:56:00,3.84
8/18/2023 16:56:00,3.85
8/21/2023 16:56:00,3.81
8/22/2023 16:56:00,3.82
8/23/2023 16:56:00,3.8
8/24/2023 16:56:00,3.76
8/25/2023 16:56:00,3.72
8/28/2023 16:56:00,3.73
8/29/2023 16:56:00,3.82
8/30/2023 16:56:00,3.8
8/31/2023 16:56:00,3.72
9/1/2023 16:56:00,3.86
9/4/2023 16:56:00,3.81
9/5/2023 16:56:00,3.75
9/6/2023 16:56:00,3.71
9/8/2023 16:56:00,3.67
9/11/2023 16:56:00,3.68
9/12/2023 16:56:00,3.67
9/13/2023 16:56:00,3.68
9/14/2023 16:56:00,3.63
9/15/2023 16:56:00,3.57
9/18/2023 16:56:00,3.53
9/19/2023 16:56:00,3.43
9/20/2023 16:56:00,3.4
9/21/2023 16:56:00,3.28
9/22/2023 16:56:00,3.3
9/25/2023 16:56:00,3.35
9/26/2023 16:56:00,3.35
9/27/2023 16:56:00,3.4
9/28/2023 16:56:00,3.47
9/29/2023 16:56:00,3.51
10/2/2023 16:56:00,3.55
10/3/2023 16:56:00,3.37
10/4/2023 16:56:00,3.43
10/5/2023 16:56:00,3.45
10/6/2023 16:56:00,3.47
10/9/2023 16:56:00,3.45
10/10/2023 16:56:00,3.57
10/11/2023 16:56:00,3.6
10/13/2023 16:56:00,3.7
10/16/2023 16:56:00,3.7
10/17/2023 16:56:00,3.54
10/18/2023 16:56:00,3.52
10/19/2023 16:56:00,3.75
10/20/2023 16:56:00,3.63
10/23/2023 16:56:00,3.66
10/24/2023 16:56:00,3.55
10/25/2023 16:56:00,3.44
10/26/2023 16:56:00,3.52
10/27/2023 16:56:00,3.45
10/30/2023 16:56:00,3.44
10/31/2023 16:56:00,3.52
11/1/2023 16:56:00,3.58
11/3/2023 16:56:00,3.62
11/6/2023 16:56:00,3.65
11/7/2023 16:56:00,3.77
11/8/2023 16:56:00,3.79
11/9/2023 16:56:00,3.71
11/10/2023 16:56:00,3.87
11/13/2023 16:56:00,3.84
11/14/2023 16:56:00,3.94
11/16/2023 16:56:00,3.85
11/17/2023 16:56:00,3.86
11/20/2023 16:56:00,3.87
11/21/2023 16:56:00,3.79
11/22/2023 16:56:00,3.83
11/23/2023 16:56:00,3.89
11/24/2023 16:56:00,3.76
11/27/2023 16:56:00,3.7
11/28/2023 16:56:00,3.72
11/29/2023 16:56:00,3.73
11/30/2023 16:56:00,4.02
12/1/2023 16:56:00,4.34
12/4/2023 16:56:00,4.35
12/5/2023 16:56:00,4.44
12/6/2023 16:56:00,4.4
12/7/2023 16:56:00,4.31
12/8/2023 16:56:00,4.38
12/11/2023 16:56:00,4.41
12/12/2023 16:56:00,4.39
12/13/2023 16:56:00,4.51
12/14/2023 16:56:00,4.48
12/15/2023 16:56:00,4.53
12/18/2023 16:56:00,4.53
12/19/2023 16:56:00,4.55
12/20/2023 16:56:00,4.59
12/21/2023 16:56:00,4.57
12/22/2023 16:56:00,4.58
12/26/2023 16:56:00,4.72
12/27/2023 16:56:00,4.77
12/28/2023 16:56:00,4.69